가수,제목,가사,장르
SG워너비,Timeless,어쩜 살아가다 보면 한 번은 날 찾을지 몰라 난 그 기대 하나로 오늘도 힘겹게 버틴 걸 난 참 기억력도 좋지 않은데 왜 너에 관한 건 그 사소한 추억들까지도 생각이 나는지 너를 잊을 순 없지만 붙잡고 싶지만 이별 앞에서 할 수 있는 건 좋은 기억이라도 남도록 편히 보내주는 일 혼자 남아도 괜찮아  도 괜찮아 세상에 제일 자신있는 건내가 언제나 그래왔듯이 너를 기다리는 일 I don't wanna say goodbye 어쩜 살아가다보면 한 번은 날 찾을지 몰라 난 그 기대 하나로 오늘도 힘겹게 버틴 걸 부디 하루 빨리 좋은 사람과 행복하길 바래 그래야만 내 마음 속에서 널 보낼 것 같아 너를 잊을 순 없지   잡고 싶지만 이별 앞에서 할 수 있는 건 좋은 기억이라도 남도록 편히 보내주는 일 이젠 멀어져 가지만 잠시였지만 태어나 처음 잘한 듯한 건 내겐 아무리 생각해봐도 너를 사랑했던 일 서로가 하나씩 이별의 선물을 나눠간 거잖아 난 마음을 준 대신 넌 내게 추억을 준 거야 다시 또 나를 살아가게    야 Never Ending Never Falling Never Mind My Girl 날 아프게 했지만 울게 했지만 이것 하나만큼은 고마워 눈 감는 그날 내가 가져갈 추억 만들어줘서 ,발라드
성시경,희재,햇살은 우릴 위해 내리고 바람도 서롤 감싸게 했죠 우리 웃음속에 계절은 오고 또 갔죠 바람에 흔들리는 머릿결 내게 불어오는 그대 향기 예쁜 두 눈도 웃음 소리도 모두가 내 것이었죠 이런 사랑 이런 행복 쉽다 했었죠 이런 웃음 이런 축복 내게 쉽게 올리 없죠 눈물조차 울음조차 닦지 못한 나 정 로 울면 내가 그댈 보내준 것 같아서 그대 떠나가는 그 순간도 나를 걱정했었나요 무엇도 해줄 수 없는 내 맘 앞에서 그댄 나를 떠나간다 해도 난 그댈 보낸 적 없죠 여전히 그댄 나를 살게 하는 이율테니 이런 사랑 이런 행복 쉽다 했었죠 이런 웃음 이런 축복 내게 쉽게 올리 없죠 눈물조차 울음조차  지 못한 나 정말로 울면 내가 그댈 보내준 것 같아서 그대 떠나가는 그 순간도 나를 걱정했었나요 무엇도 해줄 수 없는 내 맘 앞에서 그댄 나를 떠나간다 해도 난 그댈 보낸 적 없죠 기다림으로 다시 시작일테니 얼마나 사랑했는지 얼마나 또 울었는지 그대여 한순간 조차 잊지 말아요 거기 떠나간    에서 날 기억하며 기다려요 하루씩 그대에게 다가가는 나 일테니 ,발라드
SG워너비,라라라,그대는 참 아름다워요 밤 하늘의 별빛보다 빛나요 지친 나의 마음을 따뜻하게 감싸줄 그대 품이 나의 집이죠 세찬 바람 앞에서 꺼질듯한 내 사랑도 잘 참고서 이겨내줬어요 정말 눈물나도록 고마운 맘 아나요 그대 내곁에 살아줘서 사랑해요 사랑해요 내가 그대에게 부족한걸 알지만 세월을 걷다 면 지칠때도 있지만 그대의 쉴곳이 되리라 사랑해요 고마운 내 사랑 평생 그대만을 위해 부를 이노래 사랑 노래 함께 불러요 둘이서 라라라 그대 쳐진 어깨가 내맘을 아프게해요 잘 해준것도 없는 나라서 그대의 고운 손이 세월에 변했어요 못지켜줘서 미안해요 사랑해요 사랑해요 내가 그대에게  족한걸 알지만 세월을 걷다보면 지칠때도 있지만 그대의 쉴곳이 되리라 사랑해요 고마운 내 사랑 평생 그대만을 위해 부를 이노래 사랑노래 함께 불러요 둘이서 라라라 고마워요 고마워요 그대 자신보다 나를 아껴준 사랑 세상이 등 돌려도 누가 뭐라고 해도 내가 그대 지켜줄게요 사랑해요 소중   사랑 평생 그대만을 위해 부를 이노래 사랑노래 함께 불러요 둘이서 라라라 그대 품이 나의 집이죠 영원히 라라라 ,발라드
성시경,거리에서,니가 없는 거리에는 내가 할일이 없어서 마냥 걷다 걷다보면 추억을 가끔 마주치지 떠오르는 너의 모습 내 살아나는 그리움 한번에 참 잊기 힘든 사람이란걸 또 한번 느껴지는 하루 어디쯤에 머무는지 또 어떻게 살아가는지 걷다보면 누가 말해줄 것 같아 이 거리가 익숙했던 우리 발걸음이 나란  그리운 날들 오늘밤 나를 찾아온다 널 그리는 널 부르는 내 하루는 애태워도 마주친 추억이 반가워 날 부르는 목소리에 돌아보면 텅빈 거리 어느새 수많은 니모습만 가득해 막다른길 다다라서 낯익은 벽 기대보며 가로등 속 환히 비춰지는 고백하는 니가 보여 떠오르는 그때모습 내 살아나는 설  한번에 참 잊기 힘든 순간이란 걸 또 한번 느껴지는 하루 아직 나를 생각할지 또 그녀도 나를 찾을지 걷다보면 누가 말해줄 것 같아 이 거리가 익숙했던 우리 발걸음이 나란했던 그리운 날들 오늘밤 나를 찾아온다 널 그리는 널 부르는 내 하루는 애태워도 마주친 추억이 반가워 날 부르는 목소리에 돌 면 텅빈 거리 어느새 수 많은 니 모습만 가득 부풀은 내 가슴이 밤 하늘에 외쳐본다 이 거리는 널 기다린다고 널 그리는 널 부르는 내 하루는 애태워도 마주친 추억이 반가워 날 부르는 목소리에 돌아보며 텅빈거리 어느새 수 많은 니 모습만 가득해,발라드
규현,광화문에서,넌 어땠는지 아직 여름이 남아 왠지 난 조금 지쳤던 하루 광화문 가로수 은행잎 물들 때 그제야 고갤 들었었나 봐 눈이 부시게 반짝이던 우리 둘은 이미 남이 되었잖아 네 품 안에서 세상이 내 것이었던 철없던 시절은 안녕 오늘 바보처럼 그 자리에 서 있는 거야 비가 내리면 흠뻑 젖으며 오지 않는  를 기다려 나는 행복했어 그 손 잡고 걷던 기억에 또 뒤돌아 봐 네가 서 있을까 봐 난 모르겠어 세상 살아가는 게 늘 다른 누굴 찾는 일 인지 커피 향 가득한 이 길 찾아오며 그제야 조금 웃었던 나야 처음이었어 그토록 날 떨리게 한 사람은 너 뿐이잖아 누구보다 더 사랑스럽던 네가 왜 내게서 떠나 는지 오늘 바보처럼 그 자리에 서 있는 거야 비가 내리면 흠뻑 젖으며 오지 않는 너를 기다려 나는 행복했어 그 손 잡고 걷던 기억에 또 뒤돌아 봐 네가 서 있을까 봐 그 자리에서 매일 알아가 조금씩 변해가는 내 모습은 먼 훗날엔 그저 웃어줘 난 행복해 오늘 여긴 그 때처럼 아름다우니 괜히 바보처 럼 그자리에 서 있는 거야 비가 내리면 흠뻑 젖으며 오지 않는 너를 기다려 나는 행복했어 광화문 이 길을 다시 한번 뒤돌아 봐 네가 서 있을까 봐,발라드
아이유,너의의미,너의 그 한 마디 말도 그 웃음도 나에겐 커다란 의미 너의 그 작은 눈빛도 쓸쓸한 그 뒷모습도 나에겐 힘겨운 약속 너의 모든 것은 내게로 와 풀리지 않는 수수께끼가 되네 슬픔은 간이역의 코스모스로 피고 스쳐 불어온 넌 향긋한 바람 나 이제 뭉게구름 위에 성을 짓고 널 향해 창을 내리 바람 드는  을 너의 그 한 마디 말도 그 웃음도 나에겐 커다란 의미 너의 그 작은 눈빛도 쓸쓸한 그 뒷모습도 나에겐 힘겨운 약속 너의 모든 것은 내게로 와 풀리지 않는 수수께끼가 되네 슬픔은 간이역의 코스모스로 피고 스쳐 불어온 넌 향긋한 바람 나 이제 뭉게구름 위에 성을 짓고 널 향해 창을 내리 바람 드   을 슬픔은 간이역의 코스모스로 피고 스쳐 불어온 넌 향긋한 바람 나 이제 뭉게구름 위에 성을 짓고 널 향해 창을 내리 바람 드는 창을 너의 그 한 마디 말도 그 웃음도 나에겐 커다란 의미 너의 그 작은 눈빛도 쓸쓸한 그 뒷모습도 나에겐 힘겨운 약속,발라드
하동균,그녀를 사랑해줘요,잠깐 기다려줄래 지금 데리러 갈게 왜 자꾸 울기만 하니 말해 말해 어디에 있니 니가 사랑하는 사람이 너를 두고 간 거니 집으로 데려다 줄게 가자 가자 바람이 차가우니까 너를 울리는 그 사람이 뭐가 그렇게 좋으니 너는 모르지 너만 모르지 너를 사랑하는 내 맘을 걸음이 느린 내가 먼저 가지 못해서 내 자릴 뺏긴 아픈 사랑을 너의 웃는 모습이 누구 보다 예쁜지 그 사람 알기나 하니 정말 정말 알고도 너를 울리니 이름 모르는 당신에게 부탁 하나만 하는데 사랑해줘요 사랑해줘요 내가 사랑하는 그녀를 당신이 나 대신에 가진 나의 그녀를 함부로 다룰 생각하면 안 돼요 사랑해줘요 내 마음도 몰라주는 그녀를 그녀가 사랑하는 사람 당신이니까 나 보다 많이 사랑해줘요 다시는 울리지는 말아요,발라드
SG워너비,살다가,살아도 사는 게 아니래너 없는 하늘에창 없는 감옥 같아서웃어도 웃는 게 아니래초라해 보이고우는 것 같아 보인대사랑해도 말 못 했던 나내색조차 할 수 없던 나나 잠이 드는 순간조차그리웠었지살다가 살다가 살다가 너 힘들 때나로 인한 슬픔으로후련할 때까지울다가 울다가 울다가 너 지칠 때정 힘들면 단 한 번만 기억하겠니살다가웃어도 웃는 게 아니래초라해 보이고우는 것 같아 보인대사랑해도 말 못 했던 나내색조차 할 수 없던 나나 잠이 드는 순간조차그리웠었지살다가 살다가 살다가 너 힘들 때나로 인한 슬픔으로후련할 때까지울다가 울다가 울다가 너 지칠 때정 힘들면 단 한 번만 기억하겠니우린 마지못해 웃는 거겠지우린 마지못해 살아가겠지내 곁에 있어도 나의 곁에 있어도눈물나니까살다가 살다가 살다가 너 힘들 때나로 인한 슬픔으로후련할 때까지태워도 태워도 태워도 남았다면남김없이 태워도 돼후련할 때까지나 살다가나 살다가,발라드
린,...사랑했잖아...,나만 원한다 했던 말도지켜준다던 약속들도아무렇지 않은 표정으로버리고 있잖아너만 바라본 많은 날들물거품이 돼버린 오늘또 아무렇지 않게 웃고있을 너잖아정말 좋았잖아 행복 했었잖아가슴아픈 그런 일들도견뎌냈던 우리잖아제발 그러지마라 아직 사랑하는 날너도 알고 있잖아매일밤 울며 전화하는 날낯설만큼 차가운 니 목소릴 들어도바보처럼 난 너를 못잊어 이렇게알면서도 시작한 만남그녀에게 미안한 맘만하루하루 지날수록 커진내 헛된 욕심들많이 부담스러웠겠지니 자릴 찾으려 했겠지난 알고 있었어닫혀진 너의 마음을정말 좋았잖아 행복 했었잖아가슴아픈 그런 일들도견뎌냈던 우리잖아제발 그러지마라 아직 사랑하는 날너도 알고 있잖아매일밤 울며 전화하는 날낯설만큼 차가운 니 목소릴 들어도바보처럼 난 니가 행복하길 바래다시 나에게 너라는 기회가 온다면놓치지 않을텐데 니 손 꼭 잡을텐데니가 원했던 만큼많이 원했던 만큼잘해주지 못한 날미안해 용서해 이해해줘끝까지 이기적인거이것도 이해해줄래바보같은 날 마지막까지이렇게 마지막 까지 미안해,발라드
한동근,이 소설의 끝을 다시 써보려 해,시계가 반대로 돌아가고 있어TV속 영화가 되감아지고 있어내렸던 빗물이 올라가고 있어잊었던 기억이 돌아오고 있어도로 위에 차들이반대로 달리고온 세상의 모든 게 다거꾸로 움직여지금 나는 계속 반대로뒷걸음질 치며그날의 너에게 돌아가고 있어운명 같은 만남 너무 아픈 결말난 이 소설의 끝을다시 써보려 해내 한 권의 사랑 마지막 장면엔니가 있어야 해그래야 말이 되니까한 장씩 한 장씩 뒤로 넘겨 지며아팠던 일기가 지워지고 있어가루 낸 사진이 모여들고 있어버렸던 미련이 돌아오고 있어삼켰던 내 눈물이다시 뱉어지고뱉었던 그 모진 말은다시 삼켜지고지금 나는 계속 반대로뒷걸음질 치며그날의 너에게 돌아가고 있어운명 같은 만남 너무 아픈 결말난 이 소설의 끝을 다시 써보려 해내 한 권의 사랑 마지막 장면엔니가 있어야 해 그래야 말이 돼여기야 우리가 이별한그 슬픈 페이지내 앞에서 니가 서서 울고 있어너에게 묻고 싶어 너만 괜찮다면난 이 소설의 끝을 다시 써보려 해내 한 권의 사랑 마지막 장면엔니가 있어야 해그래야 말이 되니까,발라드
성시경,내게 오는 길,지금 곁에서 딴 생각에 잠겨걷고 있는 그대설레는 마음에 몰래그대 모습 바라보면서내 안에 담아요사랑이겠죠또 다른 말로는 설명 할 수 없죠함께 걷는 이 길다시 추억으로 끝나지않게꼭 오늘처럼 지켜갈게요사랑한다는 그 말 아껴둘 걸 그랬죠이젠 어떻게 내 맘 표현해야 하나모든 것이 변해가도이 맘으로 그대 사랑할게요망설였나요날 받아주기가 아직 힘든가요그댈 떠난 사람그만 잊으려고 애쓰지마요나 그때까지 기다릴테니사랑한다는 그 말 아껴둘 걸 그랬죠이젠 어떻게 내 맘 표현해야 하나모든 것이 변해가도이 맘으로 그대 사랑할게요눈물이 또 남아있다면 모두 흘려버려요이 좋은 하늘 아래 우리만 남도록사랑할 수 있나요 내가 다가간만큼이젠 내게 와줘요 내게 기댄 마음사랑이 아니라해도 괜찮아요그댈 볼 수 있으니괜찮아요 내가 사랑할테니,발라드
윤하,기다리다,어쩌다 그댈 사랑하게 된 거죠어떻게 이렇게 아플 수 있죠한번 누구도 이처럼 원한 적 없죠그립다고 천 번쯤말해보면 닿을까요울어보고 떼쓰면 그댄 내 맘 알까요그 이름 만 번쯤 미워해볼까요서운한 일들만 손꼽을까요이미 사랑은 너무 커져 있는데그댄 내가 아니니내 맘 같을 수 없겠죠그래요 내가 더 많이 좋아한 거죠아홉 번 내 마음 다쳐도한번 웃는 게 좋아그대 곁이면 행복한 나라서싫은 표정 한번 조차도편히 지은 적 없죠그대 말이면 뭐든 다 할 듯 했었죠천년 같은 긴 기다림도그댈 보는 게 좋아하루 한 달을 그렇게 일년을오지 않을 그댈 알면서또 하염없이 뒤척이며기다리다 기다리다 잠들죠나 언제쯤 그댈 편하게 볼까요언제쯤 이 욕심 다 버릴까요그대 모든 게 알고 싶은 나인데언제부터 내 안에숨은 듯이 살았나요꺼낼 수 조차 없는 깊은 가시가 되어아홉 번 내 마음 다쳐도한번 웃는 게 좋아그대 곁이면 행복한 나라서싫은 표정 한번 조차도편히 지은 적 없죠그대 말이면 뭐든 다 할 듯 했었죠천년 같은 긴 기다림도그댈 보는 게 좋아하루 한 달을 그렇게 일년을오지 않을 그댈 알면서또 하염없이 뒤척이며기다리다 기다리다 잠들죠그댈 위해 아끼고 싶어누구도 줄 수 없죠나는 그대만 그대가 아니면혼자인 게 더 편한 나라또 어제처럼 이곳에서기다리고 기다리는나예요,발라드
이적,걱정말아요 그대,그대여 아무 걱정 하지 말아요우리 함께 노래 합시다그대 아픈 기억들 모두 그대여그대 가슴에 깊이 묻어 버리고지나간 것은 지나간 대로그런 의미가 있죠떠난 이에게 노래 하세요후회없이 사랑했노라 말해요그대는 너무 힘든 일이 많았죠새로움을 잃어 버렸죠그대 슬픈 얘기들 모두 그대여그대 탓으로 훌훌 털어 버리고지나간 것은 지나간 대로그런 의미가 있죠우리 다 함께 노래 합시다후회없이 꿈을 꾸었다 말해요지나간 것은 지나간 대로그런 의미가 있죠우리 다 함께 노래 합시다후회없이 꿈을 꾸었다 말해요지나간 것은 지나간 대로그런 의미가 있죠우리 다 함께 노래 합시다후회없이 꿈을 꾸었다 말해요새로운 꿈을 꾸겠다 말해요,발라드
김동률,다시 사랑한다 말할까,마치 어제 만난 것처럼잘있었냔 인사가 무색할 만큼괜한 우려였는지서먹한 내가 되려 어색했을까어제 나의 전활 받고서밤새 한숨도 못 자 엉망이라며수줍게 웃는 얼굴어쩌면 이렇게도 그대로일까그땐 우리 너무 어렸었다며지난 얘기들로 웃음짓다가아직 혼자라는 너의 그 말에불쑥 나도 몰래 가슴이 시려다시 사랑한다 말할까조금 멀리 돌아왔지만기다려왔다고널 기다리는게나에게 제일 쉬운 일이라시간이 가는 줄 몰랐다고다시 사랑한다 말할까여전히 난 부족하지만받아주겠냐고널 사랑하는게내삶에 전부라어쩔 수 없다고 말야그땐 사랑인줄 몰랐었다며가끔 내 소식을 들을때마다항상 미안했단 너의 그 말에불쑥 나도 몰래 눈물이 흘러다시 사랑한다 말할까언젠가는 내게 돌아올운명이었다고널 잊는다는 게나에게 제일 힘든 일이라생각 조차 할 수 없었다고다시 사랑한다 말할까좋은 친구처럼편하게 받아주겠냐고다시 태어나도널 사랑하는게내 삶에 이유란 말야다시 사랑한다 말할까조금 멀리 돌아왔지만기다려왔다고널 기다리는게나에겐 제일 쉬운 일이라시간이 가는 줄 몰랐다고다시 사랑한다 말할까여전히 난 부족하지만받아주겠냐고널 사랑하는게내삶에 전부라,발라드
오혁,소녀,내 곁에만 머물러요 떠나면 안돼요그리움 두고 머나먼 길그대 무지개를 찾아올 순 없어요노을 진 창가에 앉아멀리 떠가는 구름을 보면찾고 싶은 옛 생각들 하늘에 그려요음 불어오는 차가운 바람 속에그대 외로워 울지만나 항상 그대 곁에 머물겠어요떠나지 않아요노을 진 창가에 앉아멀리 떠가는 구름을 보면찾고 싶은 옛 생각들 하늘에 그려요음 불어오는 차가운 바람 속에그대 외로워 울지만나 항상 그대 곁에 머물겠어요떠나지 않아요내 곁에만 머물러요 떠나면 안돼요,발라드
에일리,저녁 하늘,어떤 날에든 저녁 하늘은못 올려보는 습관이 있어온 세상이 날 떠나는듯한이상한 그 기분이 싫어멀리 떨어지는 저 해는내일 다시 올텐데나를 비춰줬던 햇살은아닐 것 같아니가 가도 사랑은 다시 오고소란스런 이별을 겪어봐도이렇게 너는 너는 너는자꾸 맘에 걸려가끔씩은 좋아서 웃긴 하고더 가끔씩은 행복의 맛을 봐도아직도 너는 너는 너는Deep in me누군가에게 맘을 줄 때면반을 남기는 습관이 있어다 줘버리면 떠날 것 같은이상한 그 예감이 싫어반쯤 아껴둔 이 맘누구 줄 수 조차 없는데반쯤 고장나버린 나를들키긴 싫어니가 가도 사랑은 다시 오고소란스런 이별을 겪어봐도이렇게 너는 너는 너는자꾸 맘에 걸려가끔씩은 좋아서 웃긴 하고더 가끔씩은 행복의 맛을 봐도아직도 너는 너는 너는Deep in me너의 맘은 어디쯤일까나를 맴돈 적은 있을까나처럼 아주 가끔시간이라는 게다 지우지는 못 하나봐아직도 네 이름은편히 말하질 못해니가 아닌 누군가 나를 안고내가 아닌 누군가 너를 안고이렇게 오래 오래 오래나날들이 가도하지 못한 말들이 입에 남아다 주지 못한 사랑이 맘에 남아어쩌면 너는 너는 너는Still in me,발라드
SG워너비,죄와벌,너무나 사랑한게 죄였나봐떠날까봐 널 가뒀으니내게만 보여줬던 니 모습은혼자 숨겨두고 싶었어달콤한 독이 되어 퍼져버린너에 대한 내 미련들이가녀린 내 사랑을 헤쳐갔어내게서 널 뺏어간거야이젠 보낼게 널 놓아줄게내가 없는게 더 행복한 너라면못난 내사랑도 못된 미련도난 혼자 남아 지워갈게차츰 넌 향기 없는 꽃이 되어원망하듯 시들어갔어미안해 내 사랑이 서툴러서너를 다치게 했었나봐이젠 보낼게 널 놓아줄게내가 없는게 더 행복한 너라면못난 내사랑도 못된 미련도난 혼자 남아 지워갈게행복해도돼 꼭 그래야해그것만 믿고 널 보내는 나니까마지막 인사로 이 말만 해줘조금은 사랑했었다고아픈 가슴을 치며 그리워져도널 찾지는 않을거야마지막 인사로 이 말만 해줘조금은 사랑했었다고이젠 보낼게 널 놓아줄게내가 없는게 더 행복한 너라면못난 내사랑도 못된 미련도난 혼자남아 지워갈게행복해도돼 꼭 그래야해그것만 믿고 널 보내는 나니까마지막 인사로 이 말만 해줘조금은 사랑했었다고나 혼자 남아 지워갈게,발라드
빅마마,체념,행복했어너와의 시간들아마도너는 힘들었겠지너의 마음을몰랐던 건 아니야나도 느꼈었지만널 보내는게널 떠나보내는게아직은 익숙하지가 않아그렇게 밖에 할 수 없던니가 원망스러워왜 말 안했니아님 못한거니조금도 날생각하지 않았니좋아한다며사랑한다며이렇게 끝낼거면서왜 그런말을 했니널 미워해야만하는 거니아니면 내 탓을해야만 하는 거니시간을돌릴수만 있다면다시 예전으로돌아가고 싶은 마음뿐이야왜 말 안했니아님 못한거니조금도 날생각하지 않았니좋아한다며사랑한다며이렇게 끝낼거면서왜 그런말을 했니널 미워해야만하는 거니아니면 내 탓을해야만 하는 거니시간을 돌릴수만 있다면다시 예전으로돌아가고 싶은 마음뿐이야그래 더 이상묻지 않을게내곁을 떠나고 싶다면돌아보지 말고 떠나가눈물은 흘리지 않을게괜히 마음만 약해지니깐내게서 멀어진니 모습이흐릿하게 보여눈물이 나나봐널 많이그리워할것 같아참아야만 하겠지잊혀질 수 있도록다시 사랑같은거하지 않을래내 마지막 사랑은돌아선 너에게주고 싶어서행복하길 바래나보다 좋은 여자만나기를,발라드
백지영,사랑 안해,그럴려고 그랬어 돌아가려고너의 차가움엔 그래 다 이유 있었던거야나를 만지는 너의 손길 없어진이제야 깨닫게 되었어 네맘 떠나간 것을설마하는 그런 미련 때문에그래도 나는 나를 위로해나 이제 이러는 내가 더 가여워이제라도 널 지울꺼야 기억의 모두를이제 다시 사랑안해 말하는 난 너와 같은 사람다시 만날 수가 없어서 사랑할 수 없어서바보처럼 사랑 안해 말하는 널 사랑한다나를 잊길바래 나를 지워줘바보처럼 몰랐어 너희 두 사람아직 기억하려던 그건 그래 다 욕심이야다짐했건만 매일 아침 눈을 떠지나간 너에게 기도해 나를 잊지 말라고제발 지금 내가 바라는 하나내 얘길 너무 쉽게 하진마차라리 나를 모른다고 말해줘시간지나 알게 될꺼야 내 사랑의 가치를이제 다시 사랑안해말하는 난 너와 같은 사람다시 만날 수가 없어서 사랑할 수 없어서바보처럼 사랑안해 말하는 널 사랑한다나를 잊길 바래 나를 지워줘내가 없는 내가 아닌 그 자리에 사랑 채우지마혹시 만날 수가 있다면 사랑 할 수 있다면아프잖아 사랑한 널 지켜보며 사랑한단그 말 한마디를 하지 못해서,발라드
어쿠스틱 콜라보,"묘해, 너와",니 생각에 꽤 즐겁고니 생각에 퍽 외로워이상한 일이야누굴 좋아한단 건아무 일도 없는 저녁집 앞을 걷다밤 공기가 좋아서뜬금없이 이렇게니가 보고 싶어참 묘한 일이야 사랑은좋아서 그립고그리워서 외로워져이게 다 무슨 일일까내 맘이 내 맘이 아닌걸이제와 어떡해모든 시간 모든 공간내 주위엔 온통너뿐인 것 같아 묘해보고 싶어 신기하고신기해서 보고 싶고그러다 한 순간미친 듯 불안하고아무렇지도 않은데햇살에 울컥눈물이 날 것 같고그러다가 니 전화한 통에 다 낫고참 묘한 일이야 사랑은아파서 고맙고고마워서 대견해져이게 다 무슨 일일까이 길이 그 길이 아닌걸모르고 떠나온여행처럼 낯설지만그래서 한번 더가보고 싶어져 너와이렇게 너를 바라볼 때뭐랄까 나는행복한 채로 두려워져참 묘한 일이야 사랑은좋아서 그립고그리워서 외로워져이게 다 무슨 일일까내 맘이 내 맘이 아닌걸이제와 어떡해모든 시간 모든 공간내 주위엔 온통너뿐인 것 같아 묘해그래서 한번 더가보고 싶어져 너와,발라드
임창정,또 다시 사랑,아픔이 좀 더 작아질까의미 없는 만남을 하다가어느 날 그대가 흘린 눈물왠지 나와 같다 느껴서이렇게 그대를 지키는가 봐요행복하고 싶었던 그대를몰랐던 누군갈 또 알아가면서분명 행복할 걸 알겠지만내가 그대를 만났다는 건어쩌면 흘러가는 흔한인연이란 것 일지 모르지만오늘도 다시 또 다시 사랑해요사랑 언제나 이번이 마지막이라며처음인 듯 찾아오니까어느 날 그대가 숨긴 눈물왠지 나와 같다 느껴서이렇게 그대를 지키는 가 봐요행복하고 싶었던 그대를몰랐던 누군갈 또 알아가는 게혹시 두렵기도 하겠지만내가 그대를 만났다는 건어쩌면 흘러가는 흔한인연이란 것일지 모르지만오늘도 다시 또 다시 사랑해요사랑 언제나 이번이 마지막이라며처음인 듯 찾아오니까절대 우리 작은 다툼조차 하지 마요이별 후엔 서운함만가슴속에 남으니사소한 그 표현이 그 말들이언제나 나에겐 참고마울 거예요내가 그대를 만났다는 건어쩌면 흘러가는 흔한인연이란 것 일지 모르지만오늘도 다시 또 다시 사랑해요사랑 언제나 이번이 마지막이라며처음인 듯 찾아오니까사랑 언제나 이번이 마지막이라며,발라드
다비치,안녕이라고 말하지마,떨리는 너의 입술을난 난 처음 보았지무슨 말 하려고 말 하려고뜸만 들이는지슬픈 예감은 다 맞는단노래 가사처럼설마 아니겠지 아닐 거야아니어야만 돼벌써 넌 나를 떠나 니 마음마저떠나 또 몸마저도 떠나는데난 몰라 널 잡을 방법을 좀누가 내게 말해줘요오늘밤 그 말만은 말아요왜 날 버리고 갔나요나 마음이 아파 가슴이 아파눈물 차올라요아직은 안녕 우린 안돼요넌 그 입을 더 열지마안녕이라고 내게 말하지마차가운 너의 한마디가 날 주저앉혔지세상 무너질 듯 무너진 듯눈물만 눈물만지금 순간이 가면 이 순간이지나면 영영 우린 이별인데사랑해 죽도록 사랑한 날날 버리지 말아줘요오늘밤 그 말만은 말아요왜 날 버리고 갔나요나 마음이 아파 가슴이 아파눈물 차올라요아직은 안녕 우린 안돼요넌 그 입을 더 열지마안녕이라고 내게 말하지마이별이 뭔지 나는 몰라요그냥 서럽고 서러워나 사연이 많아 추억이 많아가슴 찢어져요아직은 안녕 우린 안돼요넌 그 입을 더 열지마안녕이라고 내게 말하지마안녕이라고 내게 말하지마,발라드
임창정,소주 한 잔,술이 한 잔 생각나는 밤 같이있는 것 같아요그 좋았던 시절들 이젠 모두한숨만 되네요떠나는 그대 얼굴이 혹시울지나 않을까나 먼저 돌아섰죠 그때부터그리워요사람이 변하는 걸요 다시전보다 그댈 원해요이렇게 취할때면 꺼져버린전화를 붙잡고여보세요 나야 거기 잘 지내니여보세요 왜 말 안하니울고 있니 내가 오랜만이라서사랑하는 사람이라서그대 소중한 마음 밀쳐낸이기적인 그때의 나에게그대를 다시 불러오라고미친듯이 외쳤어떠나는 그대 얼굴이 마치처음과 같아서나 눈물이 났어요 그때부터그리워요사람이 변하는 걸요 다시전보다 그댈 원해요이렇게 취할때면 바뀌어버린전화번홀 누르고여보세요 나야 거기 잘 지내니오랜만이야 내 사랑아그대를 다시 불러오라고미친듯이 울었어 우여보세요 나야 정말 미안해이기적인 그때의 나에게그대를 다시 불러오라고미친듯이 외쳤어,발라드
포맨,못해(Feat.美),이제는 밥을 먹어도눈물 없이는 삼키지 못해억지로 먹고 먹어도 속이 늘 허전해노랠 들어도 흥얼대지도 못해영화를 봐도내가 뭘 본 건 지 기억 못해밥도 잘 먹지 못해 니가 생각날까봐니 생각에 체할까봐니가 떠난 후로 오늘도눈물로 하루를 먹고 살아버스도 타지 못해 누가 날 욕할까봐우는 날 놀려댈까봐아무 것도 못해너 없인 나 혼자 살지 못해이제는 술을 마셔도눈물 없이는 마시지 못해아무리 병을 비워도 너만 더 생각해살아서 뭐해 넌 내 곁에 없는데혼자 뭘 어째아무것도 할 수 없는 난데밥도 잘 먹지 못해 니가 생각날까봐니 생각에 체할까봐니가 떠난 후로 오늘도눈물로 하루를 먹고 살아버스도 타지 못해 누가 날 욕할까봐우는 날 놀려댈까봐아무것도 못해너 없인 나 혼잔 살지 못해너 없인 웃는 것도 난 못해너 없인 걷는 것도 난 못해아무 것도 아무 것도 못해내겐 니 사랑이 필요해혼자 살아서 뭐해 니가 더 잘 알잖아너 없인 나 안 되잖아너 밖에 몰라서 너 없인밥조차 먹지 못하는 난데차마 죽지도 못해 니가 돌아올까봐언젠가 날 찾을까봐아무 것도 못해오늘도 내일도 너만 원해,발라드
김범수,끝사랑,내가 이렇게 아픈데그댄 어떨까요원래 떠나는 사람이더 힘든 법인데아무 말하지 말아요그대 마음 알아요간신히 참고 있는 날울게 하지 마요이별은 시간을 멈추게 하니까모든걸 빼앗고 추억만 주니까아무리 웃어 보려고안간힘 써 봐도밥 먹다가도 울겠지만그대 오직 그대만이내 첫사랑 내 끝사랑지금부터 달라질 수 없는한 가지그대만이 영원한 내 사랑그대도 나처럼 잘못했었다면그 곁에 머물기 수월했을까요사랑해 떠난다는 말과분하다는 말코웃음 치던 나였지만그대 오직 그대만이내 첫사랑 내 끝사랑지금부터 그대나를 잊고 살아도그대만이 영원한 내 사랑나는 다시는 사랑을못할 것 같아요그대가 아니면,발라드
임영웅,미운 사랑,남몰래 기다리다가가슴만 태우는 사랑어제는 기다림에오늘은 외로움그리움에 적셔진 긴 세월이렇게 살라고 인연을 맺었나차라리 저 멀리 둘 걸미워졌다고 갈 수 있나요행여나 찾아올까봐가슴이 사랑을 잊지 못해이별로 끝난다해도그 끈을 놓을 순 없어너와 난 운명인 거야이렇게 살라고 인연을 맺었나차라리 저 멀리 둘 걸미워졌다고 갈 수 있나요행여나 찾아올까봐가슴이 사랑을 잊지 못해이별로 끝난다해도그 끈을 놓을 순 없어너와 난 운명인 거야그 끈을 놓을 순 없어너와 난 운명인 거야,트로트
임영웅,보라빛 엽서,보라빛 엽서에 실려온 향기는당신의 눈물인가 이별의 마음인가한숨속에 묻힌 사연 지워 보려 해도떠나 버린 당신 마음 붙잡을 수 없네오늘도 가버린 당신의 생각엔눈물로 써 내려간 얼룩진 일기장엔다시 못 올 그대 모습 기다리는 사연오늘도 가버린 당신의 생각에눈물로 써 내려간 얼룩진 일기장엔다시 못 올 그대 모습 기다리는 사연오늘도 가버린 당신의 생각에눈물로 써 내려간 얼룩진 일기장엔다시 못 올 그대 모습 기다리는 사연다시 못 올 그대 모습 기다리는 사연,트로트
임영웅,마량에 가고싶다,너와 내가 만나서사랑을 맹세한마량의 까막섬그날의 맹서 그날의 약속가슴에 새겨있는데오고 가는 연락선에고동소리 구슬픈데보고 싶어라 그리운 님아마량에 가고 싶다너와 내가 만나서사랑을 노래한마량의 고금대교그날의 추억 그날의 낭만가슴에 남아있는데나를 잊었나 벌써 잊었나사랑하고 있는데보고싶어라 그리운 님아마량에 가고 싶다오고 가는 연락선에고동소리 구슬픈데보고 싶어라 그리운 님아마량에 가고싶다마량에 가고싶다,트로트
임영웅,그대여 변치마오,오 그대여 변치마오오 그대여 변치마오불타는 이 마음을 믿어주세요말 못하는 이 마음을 알아주세요그 누가 이 세상을 다 준다 해도당신이 없으면 나는 나는 못살아수많은 세월이 흐른다 해도당신만을 당신만을기다리며 살아갈테야오 그대여 변치마오오 그대여 변치마오불타는 이 마음을 믿어주세요말 못하는 이 마음을 알아주세요그 누가 이세상을 다 준다 해도당신이 없으면 나는 나는 못살아수많은 세월이 흐른다 해도당신만을 당신만을 기다리며살아갈테야 살아갈테야 살아갈테야,트로트
임영웅,바램,내 손에 잡은 것이 많아서손이 아픕니다등에 짊어진 삶의 무게가온 몸을 아프게 하고매일 해결해야 하는 일 때문에내 시간도 없이 살다가평생 바쁘게 걸어 왔으니다리도 아픕니다내가 힘들고 외로워 질 때내 얘길 조금만 들어 준다면어느 날 갑자기 세월의 한복판에덩그러니 혼자 있진 않겠죠큰 것도 아니고 아주 작은 한 마디지친 나를 안아 주면서사 랑 한 다정말 사랑 한다는그 말을 해 준다면나는 사막을 걷는다 해도꽃길이라 생각 할 겁니다우린 늙어가는 것이 아니라조금씩 익어가는 겁니다우린 늙어가는 것이 아니라조금씩 익어가는 겁니다저 높은 곳에 함께 가야 할 사람그대 뿐입니다,트로트
임영웅,소풍 같은 인생,너도 한번 나도 한번누구나 한 번 왔다가는 인생바람 같은 시간이야멈추지 않는 세월하루하루 소중하지미련이야 많겠지만후회도 많겠지만어차피 한 번 왔다가는 걸붙잡을 수 없다면소풍가듯 소풍가듯웃으며 행복하게 살아야지너도 한번 나도 한번누구나 한 번 왔다가는 인생바람 같은 시간이야멈추지 않는 세월하루하루 소중하지미련이야 많겠지만후회도 많겠지만어차피 한 번 왔다가는 걸붙잡을 수 없다면소풍가듯 소풍가듯웃으며 행복하게 살아야지미련이야 많겠지만후회도 많겠지만어차피 한 번 왔다가는 걸붙잡을 수 없다면소풍가듯 소풍가듯웃으며 행복하게 살아야지웃으며 행복하게 살아야지,트로트
임영웅,당신,내 품에 안기어곤히 잠든 그대여어느덧 그대 눈가에도주름이 졌네내 가슴에 묻혀꿈을 꾸는 그대여야위어진 그댈 바라보니눈물이 솟네고왔던 여자의 순정을이 못난 내게 바쳐 두고한마디 원망도 않은 채긴 세월을 보냈지난 맹세하리라고생 많은 당신께이 생명 다하는 날까지그대를 사랑하리고왔던 여자의 순정을이 못난 내게 바쳐 두고한마디 원망도 않은 채긴 세월을 보냈지난 맹세하리라고생 많은 당신께이 생명 다하는 날까지그대를 사랑하리,트로트
임영웅,어느날 문득,어느 날 문득 돌아다보니지나온 모든 게 다 아픔이네요날 위해 모든 걸 다 버려야는데아직도 내 마음 둘 곳을 몰라요오늘도 가슴엔 바람이 부네요마음엔 나도 모를 설움이 가득어디로 갈까요 어떻게 할까요아직도 내가 날 모르나봐요언제쯤 웃으며 날 볼 수 있을까언제쯤 모든 걸 다내려놓을 수 있을까그땐 왜 그랬을까 그땐 왜 몰랐을까사랑에 이별이 숨어있는지어느 날 문득 생각해 보니내가 없으면 세상이 없듯이날 위해 이제는 다 비워야는데아직도 내가 날 모르나봐요언제쯤 웃으며 날 볼 수 있을까언제쯤 모든 걸 다내려놓을 수 있을까그땐 왜 그랬을까 그땐 왜 몰랐을까사랑에 이별이 숨어있는지어느 날 문득 생각해 보니내가 없으면 세상이 없듯이날 위해 이제는 다 비워야는데아직도 내가 날 모르나봐요아직도 내가 날 모르나봐요 hoo oh oh,트로트
임영웅,사랑이 이런 건가요,사랑이 이런 건가요가슴이 떨려오네요나 그대 생각하면은자꾸만 가슴이 뛰네요어쩌다 이렇게 멋진그대를 만나게 됐는지아무리 생각해도 난행운의 남자인가 봐난 이제 하루하루가그대 있어 너무 행복해그 깊은 사랑에 빠져도대체 헤어 나올 수가 없어사랑이 이런 건가요가슴이 떨려오네요나 그대 생각하면은자꾸만 가슴이 뛰네요난 이제 하루하루가그대 있어 너무 행복해그 깊은 사랑에 빠져도대체 헤어 나올 수가 없어사랑이 이런 건가요가슴이 떨려오네요나 그대 생각하면은자꾸만 가슴이 뛰네요나 그대 생각하면은자꾸만 가슴이 뛰네요,트로트
임영웅,1.2.3.4,1 2 3 41 2 3 41 2 3 41 2 3 41 일생에 단 한번당신이란 사람을 만나아픔 나누며 웃음 나누며정말 행복해요2 이 많은 사랑을죽어서도 받고 싶어요하루하루 보내는 마음일년이 하루 같아요3 삼백년에 한번 핀무명초가 된다해도그대 눈에 꽃이 되어사랑만 받고 싶어요사랑해요 영원히 사랑해요 영원히사랑 사랑 사랑 사랑영원한 내 사랑아1 일생에 단 한번당신이란 사람을 만나아픔 나누며 웃음 나누며정말 행복해요2 이 많은 사랑을죽어서도 받고 싶어요하루하루 보내는 마음일년이 하루 같아요3 삼백년에 한번 핀무명초가 된다해도그대 눈에 꽃이 되어사랑만 받고 싶어요사랑해요 영원히 사랑해요 영원히사랑 사랑 사랑 사랑영원한 내 사랑아사랑해요 영원히 사랑해요 영원히사랑 사랑 사랑 사랑영원한 내 사랑아사랑해요 영원히 사랑해요 영원히사랑 사랑 사랑 사랑영원한 내 사랑아사랑 사랑 사랑 사랑영원한 내 사랑아1 2 3 4,트로트
임영웅,붉은 입술,밤을 새워 지는 달도별을 두고 가는데배 떠난 부둣가에는검은 연기만 남아맺지 못할 사연 두고떠난 사람을이렇게 밤을 새워울어야 하나잊지 못할 붉을 입술나를 두고 가는 사람원망도 했다마는헤어질 운명이기에웃으며 보냈지단 하나의 사랑만은믿어 주세요사랑의 노래를 들려주던잊지 못할 붉은 입술,트로트
임영웅,울면서 후회하네,순정을 다 바쳐서 믿었던 그 사람사랑의 낙서만 남기고 떠나갔네사랑이 이렇게도 괴로운 줄왜 몰랐을까빼앗긴 내 마음을 찾을 수도 없으면서울면서 후회하네아 ~스쳐만 지나갈 걸그냥 그대로 있을 걸당신 앞에 머뭇거린내가 미워서울면서 후회하네이 마음 다 바쳐서 믿었던 그 사람사랑의 상처만 남기고 떠나갔네슬픔이 이렇게도 아픈 것을왜 몰랐던가상처 난 내 마음을 달랠 수도 없으면서울면서 후회하네아~ 차라리 스칠 것을쳐다보지 말 것을당신 앞에 서성거린내가 미워서울면서 후회하네당신 앞에 머뭇거린내가 미워서울면서 후회하네울면서 후회하네울면서 후회하네,트로트
임영웅,0시의 이별,네온 불이 쓸쓸하게꺼져 가는 삼거리이별 앞에 너와 나는한없이 울었다추억만 남겨 놓은젊은 날에 불 장난원점으로 돌아 가는 영시처럼사랑아 안녕밤 안개가 자욱 한길깊어 가는 이한밤너와 나의 주고받는인사는 슬펐다울기도 안타까운잊어야 할 아쉬움원점으로 돌아 가는 영시처럼사랑아 안녕,트로트
임영웅,어느 60대 노부부이야기,곱고 희던 그 손으로넥타이를 메어주던 때어렴풋이 생각나오여보 그 때를 기억하오막내아들 대학 시험뜬 눈으로 지새던 밤들어렴풋이 생각나오여보 그 때를 기억하오세월을 그렇게 흘러여기까지 왔는데인생은 그렇게 흘러황혼에 기우는데큰 딸아이 결혼식 날흘리던 눈물 방울이이제는 모두 말라여보 그 눈물을 기억하오세월은 그렇게 흘러여기까지 왔는데인생은 그렇게 흘러황혼에 기우는데세월은 그렇게 흘러여기까지 왔는데인생은 그렇게 흘러황혼에 기우는데다시 못 올 그 먼 길을어찌 혼자 가려하오여기 날 홀로 두고여보 왜 한마디 말이 없소여보 안녕히 잘 가시게여보 안녕히,트로트
임영웅,일편단심 민들레야,님 주신 밤에 씨 뿌렸네사랑의 물로 꽃을 피웠네처음 만나 맺은 마음일편단심 민들레야그 여름 어인 광풍그 여름 어인 광풍낙엽지듯 가시었네행복했던 장미인생비 바람에 꺾이니나는 한 떨기 슬픈 민들레야긴 세월을 하루 같이하늘만 쳐다보니그 이의 목소리는어디에서 들을까일편단심 민들레는일편단심 민들레는떠나지 않으리라해가 뜨면 달이 가고낙엽지니 눈보라치네기다리고 기다리는일편단심 민들레야가시 밭길 산을 넘고가시 밭길 산을 넘고강을 건너 찾아왔소행복했던 장미인생비 바람에 꺾이니나는 한 떨기 슬픈 민들레야긴 세월을 하루 같이하늘만 쳐다보니그 이의 목소리는어디에서 들을까일편단심 민들레는일편단심 민들레는떠나지 않으리라떠나지 않으리라,트로트
영탁,막걸리 한잔,막걸리 한 잔온 동네 소문 났던 천덕꾸러기막내아들 장가가던 날앓던 이가 빠졌다며 덩실 더덩실춤을 추던 우리 아버지아버지 우리 아들 많이 컸지요인물은 그래도 내가 낫지요고사리 손으로따라주는 막걸리 한잔아버지 생각나네황소처럼 일만 하셔도살림살이는 마냥 그 자리우리 엄마 고생시키는아버지 원망했어요아빠처럼 살긴 싫다며가슴에 대못을 박던못난 아들을 달래주시며따라주던 막걸리 한잔따라주던 막걸리 한잔황소처럼 일만 하셔도살림살이는 마냥 그 자리우리 엄마 고생시키는아버지 원망했어요아빠처럼 살긴 싫다며가슴에 대못을 박던못난 아들을 달래주시며따라주던 막걸리 한잔따라주던 막걸리 막걸리 한잔,트로트
이찬원,진또배기,어 허야듸야 허야듸야어 허야듸야 허야듸야허야듸야어촌마을 어귀에 서서마을에 평안함을 기원하는진또배기 진또배기 진또배기오리 세마리 솟대에 앉아물 불 바람을 막아주는진또배기 진또배기 진또배기모진 비바람을 견디며바다의 심술을 막아주고말없이 마을을 지켜온진또배기 진또배기어허 허야듸야풍어와 풍년을 빌면서일년내내 기원하는진또배기 진또배기진또배기 진또배기어 허야듸야 허야듸야허야듸야 허야듸야배띄워라 노를 저어라파도가 춤을 춘다 노래한다진또배기 진또배기진또배기 진또배기어허 허야듸야허야듸야 허야듸야 얼 쑤,트로트
영탁,찐이야,찐찐찐찐 찐이야 (찐)찐찐찐찐 찐이야 완전 찐이야진짜가 나타났다 지금찐찐찐찐 찐이야 완전 찐이야찐하게 사랑할 거야 (사랑할 거야)요즘 같이 가짜가 많은 세상에믿을 사람 바로 당신 뿐내 모든 걸 다 줘도 아깝지 않은내 인생에 전부인 사람끌리네 끌리네 자꾸 끌리네 (쏠)쏠리네 쏠리네 자꾸 쏠리네 (쏠)심장을 훔쳐간 사람 (찐)찐찐찐찐 찐이야 완전 찐이야 (찐이야 찐이야)진짜가 나타났다 지금찐찐찐찐 찐이야 완전 찐이야찐하게 사랑할 거야찐찐찐찐 찐이야 (찐)요즘 같이 가짜가 많은 세상에믿을 사람 바로 당신 뿐내 모든 걸 다 줘도 아깝지 않은내 인생에 전부인 사람끌리네 끌리네 자꾸 끌리네 (쏠)쏠리네 쏠리네 자꾸 쏠리네 (쏠)심장을 훔쳐간 사람 (찐)찐찐찐찐 찐이야 완전 찐이야 (찐이야 찐이야)진짜가 나타났다 지금찐찐찐찐 찐이야 완전 찐이야찐하게 사랑할 거야찐하게 찐하게 찐하게 찐하게 찐하게사랑할 거야 찐,트로트
김호중,고맙소,이 나이 먹도록세상을 잘 모르나 보다진심을 다해도나에게 상처를 주네이 나이 먹도록사람을 잘 모르나 보다사람은 보여도마음은 보이질 않아이 나이 되어서그래도 당신을 만나서고맙소 고맙소 늘 사랑하오술 취한 그날 밤손등에 눈물을 떨굴 때내 손을 감싸며괜찮아 울어준 사람세상이 등져도나라서 함께 할 거라고등 뒤에 번지던눈물이 참 뜨거웠소이 나이 되어서그래도 당신을 만나서고맙소 고맙소 늘 사랑하오못난 나를 만나서긴 세월 고생만 시킨 사람이런 사람이라서미안하고 아픈 사람나 당신을 위해 살아가겠소남겨진 세월도 함께 갑시다고맙소 고맙소늘 사랑하오 늘 사랑하오고맙소 고맙소늘 사랑하오,트로트
장윤정,초혼,살아서는 갖지 못하는그런 이름 하나 때문에그리움 맘 눈물 속에난 띄워 보낼 뿐이죠스치듯 보낸 사람이어쩌다 내게 들어 와장미의 가시로 남아서날 아프게 지켜 보네요따라가면 만날 수 있나멀고 먼 세상 끝까지그대라면 어디라도난 그저 행복 할테니살아서는 갖지 못하는그런 이름 하나 때문에그리움 맘 눈물 속에난 띄워 보낼 뿐이죠스치듯 보낸 사람이어쩌다 내게 들어와장미의 가시로 남아서날 아프게 지켜보네요따라가면 만날 수 있나멀고 먼 세상 끝까지그대라면 어디라도난 그저 행복할테니난 너무 행복할테니,트로트
나훈아,고장난 벽시계,세월아 너는 어찌 돌아도 보지 않느냐나를 버린 사람보다네가 더욱 야속하더라한두 번 사랑 땜에 울고 났더니저만큼 가버린 세월고장 난 벽시계는 멈추었는데저 세월은 고장도 없네청춘아 너는 어찌 모른 척하고 있느냐나를 버린 사람보다네가 더욱 무정하더라뜬구름 쫓아가다 돌아 봤더니어느새 흘러간 청춘고장 난 벽시계는 멈추었는데저 세월은 고장도 없네고장 난 벽시계는 멈추었는데저 세월은 고장도 없네,트로트
나훈아,테스형!,어쩌다가 한바탕 턱 빠지게 웃는다그리고는 아픔을 그 웃음에 묻는다그저 와준 오늘이 고맙기는 하여도죽어도 오고 마는 또 내일이 두렵다아 테스형 세상이왜 이래 왜 이렇게 힘들어아 테스형 소크라테스형사랑은 또 왜 이래너 자신을 알라며 툭 내뱉고 간 말을내가 어찌 알겠소 모르겠소 테스형울 아버지 산소에 제비꽃이 피었다들국화도 수줍어 샛노랗게 웃는다그저 피는 꽃들이 예쁘기는 하여도자주 오지 못하는 날 꾸짖는 것만 같다아 테스형 아프다세상이 눈물 많은 나에게아 테스형 소크라테스형세월은 또 왜 저래먼저가본 저세상 어떤 가요 테스형가보니까 천국은 있던 가요 테스형아 테스형 아 테스형아 테스형 아 테스형아 테스형 아 테스형아 테스형 아 테스형,트로트
진성,보릿고개,아야뛰지 마라배 꺼질라가슴 시린 보릿 고갯길주린 배 잡고물 한 바가지배 채우시던그 세월을어찌 사셨소초근목피에그 시절 바람결에지워져 갈 때어머님 설움잊고 살았던한 많은 보릿고개여풀피리 꺾어 불던슬픈 곡조는어머님의 한숨이었소아야 우지 마라배 꺼질라가슴 시린 보릿 고갯길주린 배 잡고물 한 바가지배 채우시던그 세월을어찌 사셨소초근목피에그 시절 바람결에지워져 갈 때어머님 설움잊고 살았던한 많은 보릿고개여풀피리 꺾어 불던슬픈 곡조는어머님의한숨이었소초근목피에그 시절 바람결에지워져 갈 때어머님 설움잊고 살았던한 많은 보릿고개여풀피리 꺾어 불던슬픈 곡조는어머님의한숨이었소풀피리 꺾어 불던슬픈 곡조는어머님의통곡이었소,트로트
임영웅,두 주먹,"두 주먹을 내가 내가꼭 안고 갈게요당신 두 손을 내밀어 봐요내 사랑을 당신 손에 꼭 쥐어 줄게요나에게 당신은 숨을 쉬는 공기야내가 매일 마시는 소중한 물이야 (두 주먹)내 가슴에 집을 짓고 사는 당신오래도록 내 옆에 있어주세요함께 가는 길이 아무리 험해도내가 당신 꼭 안고 갈게요진짜 진짜 사랑이 무엇인가를당신 손에 꼭 쥐어 주고 싶어 (진짜, 진짜, 진짜)꼭 쥔 주먹을 내밀어 봐요두 주먹을 내가 내가움켜쥐고 갈게요두 주먹을 내가 내가꼭 안고 갈게요당신 두 손을 내밀어 봐요내 사랑을 당신 손에 꼭 쥐어 줄게요나에게 당신은 숨을 쉬는 공기야내가 매일 마시는 소중한 물이야 (두 주먹)내 가슴에 집을 짓고 사는 당신오래도록 내 옆에 있어주세요함께 가는 길이 아무리 험해도내가 당신 꼭 안고 갈게요진짜 진짜 사랑이 무엇인가를당신 손에 꼭 쥐어 주고 싶어 (진짜, 진짜, 진짜)꼭 쥔 주먹을 내밀어 봐요두 주먹을 내가 내가움켜쥐고 갈게요두 주먹을 내가 내가꼭 안고 갈게요 두 주먹",트로트
임영웅,배신자,얄밉게 떠난 님아얄밉게 떠난 님아내 청춘 내 순정을뺏어 버리고얄밉게 떠난 님아얄밉게 떠난 님아얄밉게 떠난 님아내 청춘 내 순정을뺏어 버리고얄밉게 떠난 님아더벅머리 사나이에상처를 주고너 혼자 미련 없이떠날 수가 있을까배신자여 배신자여사랑의 배신자여얄밉게 떠난 님아얄밉게 떠난 님아내 청춘 내 행복을짓밟아 놓고얄밉게 떠난 님아더벅머리 사나이에상처를 주고너 혼자 미련 없이돌아서서 가는가배신자여 배신자여사랑의 배신자여더벅머리 사나이에상처를 주고너 혼자 미련 없이돌아서서 가는가배신자여 배신자여사랑의 배신자여사랑의 배신자여,트로트
아이유,Love wins all,"Dearest, Darling, My universe 날 데려가 줄래? 나의 이 가난한 상상력으론 떠올릴 수  는 곳으로 저기 멀리 from Earth to Mars 꼭 같이 가줄래? 그곳이 어디든, 오랜 외로움 그 반대말을 찾아서 어떤 실수로 이토록 우리는 함께일까 세상에게서 도망쳐 Run on  나와    까지 가줘 My lover 나쁜 결말일까 길 잃은 우리 둘 um 부서지도록 나를 꼭 안아 더 사랑    게 입 맞춰 Lover Love is all Love is all Love Love Love Love 결국, 그럼에도, 어째서 우 는 서로일까  세상에게서 도망쳐 Run on 나와 저 끝까지 가줘 My lover 나쁜 결말일까    은 우리 둘 um 찬찬히 너를 두 눈에 담아  한 번 더 편안히 웃어주렴 유영하듯 떠오른 그     처럼, 나와 함께 겁 없이 저물어줄래? 산산히 나를 더 망쳐 Ruiner 너와 슬퍼지고 싶어  y  over  필연에게서 도망쳐 Run on 나와 저 끝까지 가줘 My lover 일부러 나란히 길 잃은  리 두 사람  부서지도록 나를 꼭 안아 더 사랑히 내게 입 맞춰 Lover Our Love wins all  ove wins all Love Love Love Love   ",k-pop
뉴진스,Cookie,"내가 만든 쿠키 너를 위해 구웠지 But you know that it ain't for free, yeah 내가 만든  키 너무 부드러우니 자꾸만 떠오르니 널 choco-chip으로 Sprinkle로 입맛 버리게 만들   어 숨기고 있지만 널 더 보고 싶어 If you want it You can get it If you want it 네 목소리     려줘 boy 식사는 없어 배고파도 음료는 없어 목말라도 달콤한 맛만 디저트만 만 원하       잖아 식사는 없어 배고파도 음료는 없어 목말라도 달콤한 맛만 디저트만 만 원하게 될    잖아 내가 만든 쿠키 너에게는 독이지 네 마음속을 녹이지 So good, yeah Looking at  y cookie 역시 향기부터 다르니 (Taste it) 한입은 모자라니 널 choco-chip으로 Sprinkle로 정신 못 차리게 만들고 싶어 숨기고 있지만 널 더 보고 싶어 If you want it You can get it If you want it 네 목소리를 또 들려줘 boy 식사는 없어 배고파도 음료는  어 목말라도 달콤한 맛만 디저트만 만 원하게 될 거 알잖아  식사는 없어 배고파도 음 는 없어 목말라도 달콤한 맛만 디저트만 만 원하게 될 거 알잖아 Bet you know Bet  ou know Bet you know I 레시핀 없어 딴 데서는 못 찾아 Take it Don't break it I wanna  ee you taste it Sugar, got sugar 난 재료 안 아끼지 Bet you know Bet you know Bet  ou know I 네 다이어트를 망치고 싶어 나 Take it Don't break it I wanna see you taste  t Sugar, got sugar Bet you want some 식사는 없어 배고파도 음료는 없어 목말라도 달콤한 맛만 디저트만 만 원하       잖아 식사는 없어 배고파도 음료는 없어 목말라도 달콤한 맛만 디저트만 만 원하게 될 거  잖아 Yeah yo Yeah yo Mm mm Yeah yo Yeah yo Mm mm 내가 만든 쿠키 Come and  ake a lookie 우리 집에만 있지 놀러 와 얼마든지 굽지 그런데 너 충치 생겨도 난 몰라 내   든 쿠키 Come and take a lookie 우리 집에만 있지 놀러 와 얼마든지 굽지 그런데 너 충  생겨도 난 몰라 ",k-pop
뉴진스,hype boy,"Baby, got me looking so crazy 빠져버리는 daydream Got me feeling you 너도 말해 래 누가 내게 뭐라든 남들과는 달라 넌 Maybe you could be the one 날 믿어봐 한번 I'm not looking for just fun Maybe I could be the one Oh baby 예민하대 나 lately 너  이는 매일 매일이 yeah 재미없어 어쩌지 I just want you Call my phone right now I  ust wanna hear you're mine 'Cause I know what you like boy You're my chemical  ype boy 내 지난날들은 눈 뜨면 잊는 꿈 Hype boy 너만 원해 Hype boy 내가 전해 And  e can go high 말해봐 yeah 느껴봐 mm mm Take him to the sky You know I hype you  oy 눈을 감아 말해봐 yeah 느껴봐 mm mm Take him to the sky You know I hype you  oy 잠에 들려고 잠에 들려 해도 네 생각에 또 새벽 세 시 uh-oh 알려줄 거야 they can't have you no more 봐봐  기 내 이름 써있다고 누가 내게 뭐라든 남들과는 달라 넌 Maybe you could be the one 날 믿어봐 한번 I'm not looking for just fun Maybe I could be the one Oh baby 예민하대    ately 너 없이는 매일 매일이 yeah 재미없어 어쩌지 I just want you Call my phone right  ow I just wanna hear you're mine 'Cause I know what you like boy You're my chemical  ype boy 내 지난날들은 눈 뜨면 잊는 꿈 Hype boy 너만 원해 Hype boy 내가 전해 And  e  an go high 말해봐 yeah 느껴봐 mm mm Take him to the sky You know I hype you boy 눈을 감아 말해봐 yeah 느껴봐 mm mm Take him to the sky You know I hype you boy ",k-pop
뉴진스, Attention,"You and me 내 맘이 보이지 한참을 쳐다봐 가까이 다가가 You see You see, ey ey ey  y One, two, three 용기가 생겼지 이미 아는 네 눈치 고개를 돌려 천천히 여기 You see 여기 보이니 Looking for attention 너야겠어 확실하게 나로 만들겠어 Stop, eyyy Drop  he question Drop the, drop the question Want attention Wanna want attention You  ive me butterflies you know 내 맘은 온통 paradise 꿈에서 깨워주지 마  You got me  ooking for attention You got me looking for attention 가끔은 정말 헷갈리지만 분명한   Got me looking for attention 널 우연히 마주친 척할래 못 본 척 지나갈래  You're so  ine Gotta gotta get to know ya  나와 나와 걸어가 줘 지금 돌아서면 I need ya, need  a, need ya  To look at me back   ey 다 들켰었나 널 보면 하트가 튀어나와 난 사탕을 찾는 baby  baby)  맘은 설레이지  Eyyy, drop the question rop the, drop the question   ant attention Wanna want attention  You give me butterflies you know 내 맘은 온통 paradise 꿈에서  워주지 마 You got me looking for attention You got me looking for attention 가끔은 정말  헷갈리지만  명한 건 Got me looking for attention You got me looking for attention  You  ot me looking for attention 가끔은 정말 헷갈리지만  명한 건 Got me looking for  attention A T T E N T I on  Attention is what I want A T T E N T I on ttention is what I  want A T T E N T I on Attention is what I want  A T T E N T I on You got me looking for  ttention ",k-pop
뉴진스, ditto,"Woo woo woo woo ooh Woo woo woo woo Stay in the middle Like you a little Don't  ant no riddle 말해줘 say it back  Oh say it ditto 아침은 너무 멀어 So say it ditto 훌쩍  버렸어 함께한 기억처럼 널 보는 내 마음은 어느새 여름 지나 가을  기다렸지 all this  ime Do you want somebody Like I want somebody 날 보고 웃었지만 Do you think  bout me now yeah All the time yeah All the time  I got no time to lose 내 길었던 하루 난 보고 싶어 Ra-ta-ta-ta 울린 심장 (Ra-ta-ta-ta) I got nothing to lose 널 좋아한다고  ooah wooah wooah Ra-ta-ta-ta 울린 심장 (Ra-ta-ta-ta) But I don't want to Stay in the   iddle Like you a little Don't want no riddle   해줘 say it back Oh say it ditto 아침은 너    어 So say it ditto  I don't want to  Walk in this 미로 다 아는 건 아니어도 바라던 대로   말해줘 Say it  ack Oh say it ditto I want you so, want you So say it ditto  Not just anybody 너를 상상했 항상 닿아있던  처음 느낌 그대로 난  기다렸지 all this time I got nothing to lose   좋아한 다고 wooah wooah wooah Ra-ta-ta-ta 울린 심장 (Ra-ta-ta-ta) But I don't want to  Stay  n the middle Like you a little Don't want no riddle  말해줘 say it back h say it ditto  아침 너무 멀어  So say it ditto  don't want to  Walk in this 미로  다 아는 건 아니어도 바라던    말해줘 Say it back Oh say it ditto I want you so, want you  o say it ditto Woo woo woo  oo ooh oo woo woo woo",k-pop
르세라핌, easy,"다친대도 길을 걸어 kiss me 쉽지 않음 내가 쉽게 easy Stage 위엔 불이 튀어, 내 body Pull up and I rip it up like ballet Damn, I really make it look easy Yuh know that I make it  ook easy Clap your hands, 너도 나와 같다면 clap your hands now 의구심 따윈 그냥 치 , 그냥 말해 “I'm the real one”  조명 꺼진 뒤의 난 wander in the night Don't know what is  ight, don't know 'bout my rights 시기심, 의심, 불신, 이젠 friends of me, yuh 세상에게 난  쪽짜리 seraphim, yuh Uhm I've been tryin' so long to show you show you show you I'm   he one that you need 다친대도 길을 걸어 kiss me 쉽지 않음 내가 쉽게 easy Stage 위엔  이 튀어, 내 body Pull up and I rip it up like ballet amn, I really make it look easy  Yuh  now that I make it look easy Yah know that I make it look easy 수면 위의 백조가 돼   hippin' 때론 풀려, 나의 다리 but I keep it Get, set, go, come and see me, I'm the  EARLESS 나의 발걸음은 매 순간 history, 이건 my way  영웅처럼 걸어 even if I am not  lawless 편하게만 왔다고?  날 몰라봤다면 you have to know Uhm I've been tryin' so   ong to show you show you show you 'm the one that you need  다친대도 길을 걸어  iss   e 쉽지 않음 내가 쉽게 easy Stage 위엔 불이 튀어, 내 body    ull up and I rip it up like  allet Damn, I really make it look easy Yuh know that I make it look easy ",k-pop
아이브, eleven,"따분한 나의 눈빛이  무표정했던 얼굴이 널 보며 빛나고 있어 널 담은 눈동자는 odd 내 안에 빼곡하게 피어나는 blue 내가 지금 느끼는 이 감정들은 true  내 입술을 간지 힌 낯선 그 이름 난 몰랐어 내 맘이 이리 다채로운지 긴 꿈을 꾸게 해 이 방은 작은  eaven 춤을 추곤 해 실컷 어지러울 만큼  Oh my, oh my god 한 칸 더 채우고 있어 잘    , 2, 3, 4, 5, 6, 7 You make me feel like eleven 투명한 너와 나의 사이  가만히 들여다 다 일렁인 물결 속으로 더 빠져드는 걸 그날 향기로운 보랏빛의 mood  셀 수 없이 반복해도 기분 좋    감히 누가 이렇게 날 설레게 할 줄  난 몰랐어 내 맘이 이리 다채로운지 긴 꿈을 꾸게 해  방은 작은 heaven 춤을 추곤 해 실컷 어지러울 만큼  Oh my, oh my god 한 칸 더 채우고  어  잘 봐 1, 2, 3, 4, 5, 6, 7 You make me feel like eleven 내 앞에 있는 너를 그 눈에 비친   를 (그 눈에 비친 나를) Aya, aya, aya (가만히 바라봐) 내 앞에 있는 너를  그 눈에 비친  나를 가만히 바라봐 Don't say now  서둘러 오진 마  순간이 좋아 난  미처 몰랐어 내 맘   이리 다채로운지  긴 꿈을 꾸게 해 이 방은 작은 heaven 춤을 추곤 해 실컷 어지러울 만 Oh my, oh my god 한 칸 더 채우고 있어  잘 봐 1, 2, 3, 4, 5, 6, 7 You make me feel like  eleven  내 앞에 있는 너를 그 눈에 비친 나를 Aya, aya, aya  내 앞에 있는 너를 그 눈에  친 나를  사랑하게 됐거든 ",k-pop
블랙핑크,How you like that,"보란 듯이 무너졌어  바닥을 뚫고 저 지하까지 옷 끝자락 잡겠다고 저 높이 두 손을 뻗 봐도 다시 캄캄한 이곳에 light up the sky  네 두 눈을 보며 I'll kiss you goodbye 실컷  웃어라 꼴좋으니까 이제 너희 하나 둘 셋 Ha how you like that? You gon' like that that  hat that that How you like that? How you like that that that that that  Now look at you  ow look at me Look at you now look at me Look at you now look at me How you like  hat Now look at you now look at me Look at you now look at me Look at you now look at   e How you like that Your girl need it all and that's a hundred 백 개 중에 백 내 몫을 원해  Karma come and get some 딱하지만 어쩔 수 없잖아 What's up, I'm right back  방아쇠   ock back Plain Jane get hijacked Don't like me? Then tell me how you like that  더 캄캄   곳에 shine like the stars 그 미소를 띠며 I'll kiss you goodbye 실컷 비웃어라 꼴좋으니까  이제 너희 하나 둘 셋 Ha how you like that? You gon' like that that that that that  How  ou like that?   How you like that that that that that Now look at you now look at me Look  t you now look at me Look at you now look at me How you like that Now look at you  ow look at me  Look at you now look at me Look at you now look at me How you like   at 날개 잃은 채로 추락했던 날 어두운 나날 속에 갇혀 있던 날  그때쯤에 넌 날 끝내야 했   Look up in the sky it's a bird it's a plane Bring out your boss bish  BLACKPINK! How  ou like that  You gon' like that How you like that  ",k-pop
블랙핑크, 붐바야,"BLACKPINK in your area  Been a bad girl I know I am And I'm so hot I need a fan I  on't want a boy I need a man Click-Clack! Badda  bing badda booom! 문을 박차면  두 날 바라봄 굳이 애써 노력 안 해도 모든 남자들은 코피가 팡팡팡 팡팡 파라파라 팡  팡팡 지금 날 위한 축배를 짠짠짠 Hands up! 내 손엔bottle full o' henny  네가 말로만   던 걔가 나야 Jennie  춤추는 불빛은 날 감싸고 도네  Black to the pink 어디서든 특별   h yes  쳐다 보든 말든 I wanna dance Like 따라다라단딴 따라다라단딴 뚜두룹바우 좋아 이 분위기가 좋아 좋아 난 지금 네가 좋아  정말 반했어 오늘 밤  너와 춤추고 싶   BOOMBAYAH YAH YAH YAH BOOMBAYAH YAH YAH YAH BOOMBAYAH YAH YAH  AH YAH  BOOM BOOM BA BOOM BOOM BA 오빠 YAH YAH YAH YAH YAH YAH YAH YAH YAH YAH  YAH YAH YAH YAH YAH YAH YAH YAH YAH YAH 오빠 YAH   AH YAH YAH YAH YAH YAH YAH YAH YAH YAH YAH YAH YAH YAH YAH  YAH  BOOM BOOM BA  BOOMBAYAH BLACKPINK in your area  이제 달려야지 뭘 어떡  난 철 없어 겁 없어 man  Middle finger up F U pay me 90's baby I pump up the jam 달려봐 달려봐 오빠야 LAMBO  오늘은 너와 나 젊음을 GAMBLE 감히 날 막지마 혹시     가 날 막아도 I'm gonna go Brrrr RAMBO 네 손이 내 허리를 감싸고 도네 Front to my  ack  내 몸매는 특별해 Oh yes  네 눈빛은 I know you wanna touch  Like Touch touch   ouch touch 뚜두룹바우  좋아 이 분위기가 좋아 좋아 난 지금 네가 좋아  정말 멋있어  오늘 밤 와 춤추고 싶어  BOOMBAYAH YAH YAH YAH BOOMBAYAH  YAH YAH YAH BOOMBAYAH  YAH  AH YAH YAH BOOM BOOM BA BOOM BOOM BA 오빠  YAH YAH YAH YAH YAH YAH  AH YAH YAH YAH  AH YAH YAH YAH YAH YAH YAH YAH YAH YAH 오빠  YAH YAH  AH YAH YAH YAH YAH YAH YAH YAH YAH YAH YAH YAH YAH YAH YAH BOOM   OOM BA BOOMBAYAH 오늘은 맨 정신 따윈 버리고  하늘을 넘어서 올라 갈 거야 끝을  르게 빨리 달리고 싶어  Let's go, let's go 오늘은 맨 정신 따윈 버리고  하늘을 넘어서 올      야 끝을 모르게 빨리 달리고 싶어  Let's go, let's go  ",k-pop
비투비,그리워하다,My life is incomplete   It's Missing you  오늘도 하루를 보내 다를 게 없이  하나도 안  색해 혼자 있는 게  너 없인 안될 것 같던 내가 이렇게 살아  근데 좀 허전해 난 여전히  기 있나 봐   후련하게 다 털어내 다 다  지난 일에 마음 쓰는 게 It's alright  답이 잘 보 는가 싶다가도   어느새 날 가두는 감옥이 돼  시간은 앞으로만 가는 걸 어째  그동안     무것도 이룬 것이 없네   아직도 내 마음속엔 너 Oh oh 너를 그리워하다 하루가 다 지 어   너를 그리워하다 일 년이 가버렸어  난 그냥 그렇게 살아   너를 그리워하다 그리 하다  다 괜찮을 거라 되뇌어 봐도   내 하루에 끝엔 또 너로 남아  너 없인 안될 것 같    가 이렇게 살아   사실 좀 허전해 넌 여전히 여기 있나 봐  내 마음은 여전해 아직 너를   해   몇 년이 지나도 난 아직 널 그리워해  난 아직 기억해 우리 처음 봤을 때   네 옷차 과 머리 스타일도 다 정확하게   I pray for you every night and day  I hope that   omeday soon  I can see you once again   아직도 내 마음속엔 너 Oh oh   너를 그리 하다 하루가 다 지났어   너를 그리워하다 일 년이 가버렸어   난 그냥 그렇게 살아   너   리워하다 그리워하다   잠에서 깨어 헝클어진 머리처럼   내 일상도  꽤나 엉망이 돼버렸어 책임져   아무렇지 않은     드리워진 표정도 내 모든 곳에   스며든 네 흔적도 다 책임져 아직도 난  잊을 수 없나 봐   시 돌아와 줘   또다시 같은 엔딩이라 해도 너   너를 그리워하다 하루가 다 지났어   너를   리워하다 일 년이 가버렸어   너를 잊으려 하다 하루가 지나가도  너를 지우려 하다 일 년    버려도   난 그냥 그렇게 살아  너를 그리워하다 그리워하다    그리워하다 그리워하다 ,k-pop
비비,밤양갱,떠나는 길에 니가 내게 말했지 '너는 바라는 게 너무나 많아  잠깐이라도 널 안 바라보  머리에 불이 나버린다니까' 나는 흐르려는 눈물을 참고 하려던 얘길 어렵게 누르고 '그래  안해'라는 한 마디로 너랑 나눈 날들 마무리했었지  달디달고 달디달고 달디단 밤양갱 밤 갱 내가 먹고 싶었던 건 달디단 밤양갱 밤양갱이야 떠나는 길에 니가 내게 말했지 '너는   라는 게 너무나 많아' 아냐 내가 늘 바란 건 하나야 한 개뿐이야 달디단 밤양갱 달디달고   디달고 달디단 밤양갱 밤양갱 내가 먹고 싶었던 건 달디단 밤양갱 밤양갱이야 상다리가  러지고 둘이서 먹다 하나가 쓰러져버려도  나라는 사람을 몰랐던 넌 떠나가다가 돌아서   했지 '너는 바라는 게 너무나 많아'  아냐 내가 늘 바란 건 하나야 한 개뿐이야 달디단 밤 갱  ,k-pop
TWS,첫만남은 계획대로 되지 않아,"Ay ay ay ay ay  거울 속에 내 표정 봐 봐 느낌 So good 기다려온 D-day 연습했던 손든   사도 그대로 하면 돼 Hairstyle check하고 한 번 Turn around 발걸음은 매일 걷던 그 길로 계획은 완벽 빨리 말 걸어보고 싶어, Hey  Woo 문 앞에서 셋을 세어본다, Yeh (셋, 둘, 하 )  첫 만남은 너무 어려워 계획대로 되는 게 없어서 첫 만남은 너무 어려워 내 이름은 말   Hey, 안녕, 첫 마디를 건넬 때 주변 소린 Canceled 네 말소리는 Playlist  Yeh, 질문은 나   기, 알려줘 너의  “이름이 뭐야?” 너와 내 거리는 세 걸음 남았어, Yeh (셋, 둘, 하나) 첫 만  은 너무 어려워 계획대로 되는 게 없어서 첫 만남은 너무 어려워 내 이름은 말야  이 순 ,  eels so wonderful  조금은 뚝딱거려도 어색한 인사까지도  너와 나의 첫 만남 우리의 사    eautiful  내일도 내일모레도 기억해, 영원히 반짝일 순간 Wait wait! Na na na-  이렇게 만 서 반가워  내일 또 봐 안녕  ",k-pop
(여자)아이들,나는 아픈 건 딱 질색이니까,오늘도 아침엔 입에 빵을 물고  똑같이 하루를 시작하고 온종일 한 손엔 아이스 아메 카노 피곤해 죽겠네 지하철 속 이 장면 어제 꿈에서 봤나 아참 매일이지 지나치고  바쁜 이  에 그냥 흔한 날에 그 애를 보고 말야 평온했던 하늘이 무너지고 어둡던 눈앞이 붉어지며 뭔가 잊고 온 게 있는 것 같아 괜히 이상하게 막 울 것만 같고  그냥 지나치는 게 나을 것  아  나는 생각은 딱 질색이니까 카페인으로 잡은 정신은 빠졌고 하루  일 신경 쓰여 토할 것 같아 저녁이 돼도 배고픔까지 까먹고 그치 이상하지 근데 말야  잖아 처음 본 순간 뭐라 할까 그립달까 나도 웃긴데 말야 평온했던 하늘이 무너지고 어둡던 눈앞이 붉어 며 뭔가 잊고 온 게 있는 것 같아  괜히 이상하게 막 울 것만 같고 그냥 지나치는 게 나을    아 나는 생각은 딱 질색이니까 오랫동안 나를 아는 슬픈 표정을 하고 Oh 흔적 없는 기억   혹 과거에 미래에 딴 차원에 세계에  평온했던 하늘이 무너지고 어둡던 눈앞이 붉어져도 다시 놓쳐버리는 것만 같아 괜히 이상하게 막 울 것만 같고 그냥 지나치는 게 나을 것 같   나는 생각은 딱 질색이니까 아냐 지나치는 게 나을 것 같아 나는 아픈 건 딱 질색이니까 ,k-pop
선미,보라빛밤,내게 뭘 원하냬  그냥 말만 하래 하늘에 별도 따주겠대 다른 건 안 바래 이 밤만 원하   그대 손 잡고 안 놔줄래 보라빛 밤 I like it like it 더 같이 있자 아직 이르잖아  We're  ike 보라빛 밤 날 하늘 위로 터트려 볼래 이 밤 밤 밤 밤 밤  보라빛 밤 오 그대여 눈뜨      라져 엉망이 돼도  오 그대여 난 다시 또 이 밤을 기다릴게요 나나나 나 나나 나나나     나 나나나 나 나나 보라빛 밤  나나나 나 나나 나나나 나 나나 나나나 나 나나 보라빛   술은 입에도  안 댔는데 I'm tipsy 나 조금 어지러운 것 같애 지금 아님 언제? 참 답답  네 날 감싸 안고 입 맞출래 보라빛 밤 I like it like it 더 같이 있자  아직 이르잖아 We're  ike 보라빛 밤 날 하늘 위로 터트려 볼래  이 밤 밤 밤 밤 밤 보라빛 밤 오 그대여 눈 뜨면 다 사라져 엉망이 돼도 오 그대여  난 다시 또 이 밤을 기다릴게요 꿈인가 싶다가도 니가 떠오르니  그 밤은 진심인 거야  일거야 보라빛 밤 오 그대여 눈 뜨면 다 사라져  엉망이 돼도 오 그  여  난 다시 또 이 밤을 기다릴게요 오 그대여 (나나나 나 나나 나나나 나 나나  나나나 나 나)  보라빛 밤 오 그대여 난 다시 또 이 밤을 기억 할게요   (나나나 나 나나 나나나 나 나  나나 나 나나)  보라빛 밤 ,k-pop
오마이걸,dolphin,oh my god 타이밍이 참 얄미워 오늘 같은 날 마주쳐 이게 뭐야 머리는 엉망인 데다  상태가 말이 아니야 모른 척 지나가 줘 내 맘이 방심할 때마다 불쑥 나타난 뒤 헤엄치   어지는 너 또 물보라를 일으켜 da da da da da da da da da da  da da da da 또 물보라를  으켜 da da da da da da da da da da da da da da 또 물보라를 일으켜 어쩐지 오늘 알람      려 아무거나 막 입었고 지각이야 아래로 몸을 낮추고 숨을 꾹 참아봤지만  아이쿠 들켰    내 맘이 방심할 때마다 불쑥 나타난 뒤 헤엄치듯 멀어지는 너 또 물보라를 일으켜 da da   a da da da da da da da da da da da 또 물보라를 일으켜 da da da da da da da da da   da da da da 또 물보라를 일으켜  이 파도 위 난 온종일 서핑을 하는 느낌 아찔한 feeling     직히 푹 빠졌지 하지만 이건 secret 또 물보라를 일으켜 갑자기 웃으며 얼굴을 불쑥 다가  뒤 원을 갈라 하트를 그려 또 물보라를 일으켜  da da da da da da da da da da da da da    또 물보라를 일으켜 da da da da da da da da da da da da da da 또 물보라를 일으켜 da   a da da da da da da da da da da da da 또 물보라를 일으켜 da da da da da da da da   a da da da da da 또 물보라를 일으켜 ,k-pop
너드커넥션,그대만 있다면,날 사랑해서 떠난다며 눈물짓던 그대의 말을 믿을 수 없죠 하지만 나의 전부였던 그  가 힘들어하기에 잡을 수 없었죠 온통 너와의 기억뿐인 나를 위해서였다면 조금씩 무너져 는 날 날 위한다면 이대로 내 곁에 있어야 해요 나를 떠나면 안 돼요 세상의 모든 걸 잃어  찮아요  그대만 있다면 그대만 있다면함께 웃던 시간들을 함께했던 약속들을  지금 또  원히 기억하겠어요 다시 한번 생각해요 무엇이 날 위한 건지 그대는 알고 있어요 영원히     을 지켜주세요 나를 떠나지 말아요 세상의 모든 걸 잃어도 난 좋아요 그대만 있다면 그 만 있다면 온통 그대의 생각뿐인 나를 위해서였다면 초라하게 쓰러지는 날 날 위한다면 이대로 내 곁에 있어야 해요  나를 떠나면 안 돼요 세상의 모든 걸 잃어도 괜찮아요 그대   다면 그대만 있다면  영원히 내 곁을 지켜주세요 나를 떠나지 말아요 세상의 모든 걸 잃 도 난 좋아요 그대만 있다면 그대만 있다면  ,k-pop
너드커넥션,좋은 밤 좋은 꿈,저 많은 별을 다 세어 보아도  그대 마음은 헤아릴 수 없어요 그대의 부서진 마음 조각들  차갑게 흩어져 있는 탓에 그댄 나의 어떤 모습들을  그리도 깊게 사랑했나요 이제 내가  줄 수 있는 건 좋은 밤 좋은 꿈 안녕 좋은 밤 좋은 꿈 안녕 시월의 서늘한 공기 속에도  장 향을 난 느낄 수가 있죠 오월 어느 날에 피었던 빨갛던 밤을 기억하거든요 그댄 나의 어   습들을 그리도 깊게 사랑했나요 이제 내가 해줄 수 있는 건 좋은 밤 좋은 꿈 안녕 까만 밤      나고 나면  이야기는 사라질 테지만 이름 모를 어떤 꽃말처럼 그대 곁에 남아 있을게요 나는 그대 어떤 모습들을  그리도 깊게 사랑했었나 이제 내가 해줄 수 있는 건 좋은 밤 좋     녕,k-pop
아이브, 러브다이브,"네가 참 궁금해 그건 너도 마찬가지  이거면 충분해 쫓고 쫓는 이런 놀이 참을 수 없는  끌림과 호기심 묘한 너와 나 두고 보면 알겠지 Woo 눈동자 아래로 Woo 감추고 있는 거 Woo yeah It's so bad It's good 난 그 맘을 좀 봐야겠어 Narcissistic, my god I love it 서를 비춘 밤 아름다운 까만 눈빛 더 빠져 깊이  (넌 내게로 난 네게로) 숨 참고 love dive Woo lalalalalalala Woo 어서 와서 love dive  Woo oh perfect sacrifice yeah 숨 참고 love  ive  마음은 이렇게 알다가도 모르지 사랑이라는 건 한순간에 필 테니 직접 들어와 두 눈 으로 확인해 내 맘 가장 깊은 데로 오면 돼  Woo 망설일 시간은 Woo 3초면 되는 걸 Woo  eah It's so bad It's good 원하면 감히 뛰어들어  Narcissistic, my god I love it 서로를 비     아름다운 까만 눈빛 더 빠져 깊이 (넌 내게로 난 네게로) 숨 참고 love dive Woo   alalalalalala Woo 어서 와서 love dive Woo oh perfect sacrifice yeah 숨 참고 love dive 숨 참고 love dive  숨 참고 love dive 숨 참고 love dive 숨 참고 love dive Woo   alalalalalala Woo 어서 와서 love dive Woo oh perfect sacrifice yeah 숨 참고 love dive ",k-pop
아이브,afterlike,또 모르지 내 마음이  저 날씨처럼 바뀔지 날 나조차 다 알 수 없으니 그게 뭐가 중요 니 지금 네게 완전히 푹 빠졌단 게 중요한 거지 아마 꿈만 같겠지만 분명 꿈이 아니야 달리 설명할 수 없는 이건 사랑일 거야 방금 내가 말한 감정 감히 의심하지 마 그냥 좋 는 게 아냐 What's after 'LIKE'? You and I It's more than 'LIKE'  L 다음 또 O 다음 난  eah You and I It's more than 'LIKE' What's after 'LIKE'? What's after 'LIKE'? 조심해     장에 핀 새파란 이 불꽃이 저 태양보다 뜨거울 테니 난 저 위로 또 아래로  내 그래프   이 커 Yeah  hat's me  두 번 세 번 피곤하게 자꾸 질문하지 마 내 장점이 뭔지 알아? 바로 솔직한 거  방금 내가 말한 감정 감히 의심하지 마 그냥 좋다는 게 아냐 What's after 'LIKE'?  You  nd I It's more than 'LIKE' L 다음 또 O 다음 난 yeah  You and I It's more than 'LIKE' What's after 'LIKE'?  What's after 'LIKE'? What after like 내 맘에 strike 지금 느낀 짜릿 은 마치 tike  LO 다음에 I 그 다음에 VE 여긴 너와 내 space 아무도 막지 못해 나를 보면     빡할  시간 조차도 아까울 걸 드디어 만나 반가워 LOVE 사이 놓일 I  (What's after  LIKE'?) You and I  It's more than 'LIKE' E 앞 또 V 앞 난 yeah You and I  t's more than  LIKE'  What's after 'LIKE'? You and I It's more than 'LIKE'    다음 또 O 다음 난 yeah You and I  It's more than 'LIKE'   hat's after 'LIKE'? What's after 'LIKE'?  ,k-pop
뉴진스, gods,"GA-GA-GA-GA-GA-GODS   GA-GA-GA-GA-GA-GODS ('ey) This is what you came  or Blood on the game ball Everybody dropping like rainfall ('uh') This is your moment Eyes on the pulpit, kid (I) think Church just opened And they're singing your praises  a-la-la Screaming your name out la-la-loud One more step, you're Immortal now,   cause Once you play GOD Once you play GOD They're gonna' crumble one by one Then we gonna ride right into the Sun like it's the day my kingdom come Baby we're  GA-GA-GA-GA-GA-GODS eah we're GA-GA-GA-GA-GA-GODS  Welcome to the  ig show Next on the ladder Is it your name in the rafter? Brief moment of silence  Bad girl woke  p chose violence And they're singing my praises la-la-la Screaming my name out la-la- loud This is why we're Immortal now, 'cause Once you play GOD  Once you play GOD They're gonna' crumble one by one Then we gonna ride right into the Sun like it's the  ay my kingdom come  Baby we're GA-GA-GA-GA-GA-GODS  Oh, yeah we're GA-GA- A-GA-GA-GODS  I'm on my knees Pray for glory  Will anyone read this underdog   tory? I can't lose myself again  Help me raise this heart Heart, unbreakable Once you   lay GODOnce you play GOD They're gonna' crumble one by one hen we gonna ride   ight into the Sun like it's the day my kingdom come Once you play GOD Once you play  OD  They're gonna' crumble one by one Then we gonna ride right into the Sun like it's   the day my kingdom comeBaby we're  GA-GA-GA-GA-GA-GODS  Oh, yeah we're GA- A-GA-GA-GA-GODS  GA-GA-GA-GA-GA-GODS Oh, yeah we're GA-GA-GA-GA-GA-  ODS ",k-pop
빅뱅,꽃길,그땐 참 좋았는데 말이야 너와 함께할 수만 있다면  때론 외롭고 슬퍼도 말이야 너와  이 할 수만 있다면 Sing it na na na 노래해 나나나 우리 이게 마지막이 아니야 부디 또  나요 꽃이 피면 때론 꽤 별난 일이 많아 넌 나 같이 못난 놈을 만나  다시 누군갈 사랑     을까?  너 아니라면 그럴 일은 없을 것 같아 나 의식 없이 발길 흐름대로 가던 길 날 화 히 비춰주던 네 빛 한줄기  그 전율이 느껴지는 예쁜 꽃 길 그곳에 너로 인해 설수 있   oly poly toy  떠나려거든 보내 드리오리다 님이 가시는 길에 꽃을 뿌리오리다 그리워  면 돌아와 줘요 그때 또 다시 날 사랑해줘요 이 꽃 길 따라 잠시 쉬어가다가  그 자리  곳에서 날 기다려요  그땐 참 좋았는데 말이야 너와 함께할 수만 있다면  때론 외롭고 슬퍼도 말 야 너와 같이 할 수만 있다면 많이 울기도 했지만 웃은 일도 많아  내 머릿속 안에는 추억   무 많아이 또한 지나갈 테니까  이 다음에 만나요 꽃이 피면 1년 365 이 세상 하나뿐인  넌 내 음악의 Motive 날 일깨워주는 은인   커다란 꽃밭에 기대어 막 떠오르던 가사말 아 도 참 생생해 빠담빠담 너란 만개 한 꽃의 색은 100000 개 무한대 거대한 울림 Vivaldi의  계  아직도 그댄 내 맘에 담을 수 없는 그림 내 눈을 의심하지 You are my Magical  ueen  떠나려거든 보내 드리오리다 님이 가시는 길에 꽃을 뿌리오리다  그리워지면 돌아와 줘   그때 또 다시 날 사랑해줘요 이 꽃 길 따라 잠시 쉬어가다가 그 자리 그곳에서 날 기다려         다 입을 맞추죠 얼굴은 빨개지고  꽃 길을 깔아 준비를 하죠 그대가 오시는 길 그리워지    아와 줘요  그때 또 다시 날 사랑해줘요 이 꽃 길 따라 잠시 쉬어가다가 그 자리 그곳에서     다려요 꽃 잎 따다 입을 맞추죠 얼굴은 빨개지고  꽃 길을 깔아 준비를 하죠  그 자리 그 에서 날 기다려요,k-pop
빅뱅,봄여름가을겨울,"이듬해 질 녘 꽃 피는 봄 한여름 밤의 꿈 가을 타 겨울 내릴 눈 1년 네 번 또다시 봄 정 었던 내 젊은 날 이제는 안녕 아름답던 우리의 봄 여름 가을 겨울 “Four seasons with no   eason.” 비 갠 뒤에 비애(悲哀) 대신 a happy end 비스듬히 씩 비웃듯 칠색 무늬의 무지  철없이 철 지나 철들지 못해(still)  철부지에 철 그른지 오래, Marchin' 비발디 차이코프스 , 오늘의 사계를 맞이해 마침내, 마치 넷이 못내  Boy 저 하늘만 바라보고서 사계절 잘 지 고 있어 Good-bye  떠난 사람 또 나타난 사람 머리 위 저세상 난 떠나 영감의 amazon  지난 밤의 트라우마 다 묻고 목숨 바쳐 달려올 새 출발 하는 왕복선 변할래 전보다는 더 더  좋은 사람 더욱더 더 나은 사람 더욱더 아침 이슬을 맞고 내 안에 분노 과거에 묻고 For Life  울었던 웃었던 소년과 소녀가 그리워 나 찬란했던 사랑했던 그 시절만 자꾸 기 나  계절은 날이 갈수록 속절없이 흘러 붉게 물들이고 파랗게 멍들어 가슴을 훑고  언젠   시 올 그날 그때를 위하여 (그대를 위하여) 아름다울 우리의 봄 여름 가을 겨울  La la la  a la la la la la la la  La la la la la la la la la la la  a la la la la la la la la la la La la la la la la   a la la la la  듬해 질 녘 꽃 피는 봄 한여름 밤의 꿈 가을 타 겨울 내린 눈 봄 여름 가을 겨  ",k-pop
트와이스, tt,이러지도 못하는데 저러지도 못하네  그저 바라보며 ba-ba-ba-baby 매일 상상만 해  름과 함께 쓱 말을 놨네 baby 아직 우린 모르는 사인데 아무거나 걸쳐도 아름다워  거       이서 하는  fashion show show 이번에 정말 꼭꼭 내가 먼저 talk talk 다짐 뿐인걸 매번  다짐 뿐인걸 나나나나나나나 콧노래가 나오다가 나도 몰래 눈물 날 것 같애 아닌 것   애 내가 아닌 것 같애   love you so much  이미 난 다 컸다고 생각하는데 어쩌면 내 맘 데 왜  내 맘대로 할 수 없는 건 왜  어내려고 하면 할수록자꾸 끌려 왜 자꾸 자꾸 끌려   aby I'm like TT  Just like TT 이런 내 맘 모르고 너무해 너무해 I'm like TT  Just like TT Tell me that you'd be my baby 어처구니 없다고 해  얼굴 값을 못한대 전혀 위로 안돼  a-ba-ba-baby  미칠 것 같애  이 와중에 왜 배는 또 고픈 건데 하루 종일 먹기만 하는   맴매매매 아무 죄도 없는 인형만 때찌  종일 앉아있다가 엎드렸다 시간이 획획획 피  는 왜 이렇게 또 칙칙 자꾸 틱틱 거리고 만 싶지 엄만 귀찮게 계속 왜왜왜왜왜 나나나  나나나 콧노래가 나오다가 나도 몰래  짜증날 것 같애 화날 것 같애 이런 애가 아닌데 I love you so   uch 이미 난 다 컸다고 생각하는데 어쩌면 내 맘인데 왜 내 맘대로 할 수 없는 건 왜  밀 내려고 하면 할수록 자꾸 끌려 왜 자꾸 자꾸 끌려 baby I'm like TT Just like TT  이런 내    르고 너무해 너무해 I'm like TT Just like TT  Tell me that you'd be my baby 혹시 이런 나    까요 이대로 사라져 버리면 안돼요 이번엔 정말 꼭꼭 내가 먼저 talk talk  다짐 뿐인걸 매   짐 뿐인걸 이미 난 다 컸다고 생각하는데  어쩌면 내 맘인데 왜 내 맘대로 할 수 없는 건    밀어내려고 하면 할수록 자꾸 끌려 왜 자꾸 자꾸 끌려 baby I'm like TT  Just like TT 이런       르고 너무해 너무해 I'm like TT  Just like TT Tell me that you'd be my baby ,k-pop
브레이브걸스,롤린,그 날을 잊지 못해 babe 날 보며 환히 웃던 너의 미소에 홀린 듯 I'm fall in love  But 너   팔림에 (난 그저)  한마디 말도 못해 babe I wanna you 너의 눈빛은  날 자꾸 네 곁을  돌게 해 Just only you 굳게 닫힌 내 맘이  어느새 무너져버려 Because of you 온통 너    각뿐이야 나도 미치겠어 너무 보고 싶어 매일 매일 매일 자꾸 초라해지잖아 내 모습   그대여 내게 말해줘 사랑한다고 Rollin' Rollin' Rollin' Rollin' Rollin' Rollin' Rollin'  ollin' Rollin' Rollin' Rollin' Rollin'  하루가 멀다 하고 Rolling in the deep Rollin' Rollin' Rollin'  ollin'  Rollin' Rollin' Rollin' Rollin' 기다리고 있잖아 Babe Just only you 기다리고 있잖    abe Just only you Hey I just wanna be with you 오늘 밤이 가기 전에  I can't feel you  금 더 다가와 줘 Tonight I'm ready for you  You wanna touch me I know 대체 뭘 고민   리 안아  아닌 척 모르는 척 하다가 늦게 놓치고 후회 말아 I wanna you 너의 눈빛은  날 자꾸 네  을 맴돌게 해  Just only you 굳게 닫힌 내 맘이 어느새 무너져버려 Because of you 온통   의 생각뿐이야 나도 미치겠어 너무 보고 싶어 매일 매일 매일 자꾸 초라해지잖아 내 모  이 그대여 내게 말해줘 사랑한다고 Rollin' Rollin' Rollin' Rollin'  Rollin' Rollin' Rollin'  ollin' Rollin' Rollin' Rollin' Rollin' 하루가 멀다 하고 Rolling in the deep Rollin' Rollin'  ollin' Rollin'  Rollin' Rollin' Rollin' Rollin' 기다리고 있잖아 Babe Just only you  (Bridge) 이제 와 숨기려 하지 마요 그대여 아닌 척하지 마요  온종일 난 그대 생각에 잠긴 채로 난  대로 기다리고 있어요 Rollin' Rollin' Rollin' Rollin'  Rollin' Rollin' Rollin' Rollin' Rollin'  ollin' Rollin' Rollin'  하루가 멀다 하고 Rolling in the deep Rollin' Rollin' Rollin' Rollin' Rollin' Rollin' Rollin' Rollin'  기다리고 있잖아 Babe Just only you 기다리고 있잖아 Babe  ust only you ,k-pop
아이유,내 손을 잡아,느낌이 오잖아 떨리고 있잖아 언제까지 눈치만 볼 거니 네 맘을 말해봐 딴청 피우지   란 말이야 네 맘 가는 그대로 지금 내 손을 잡아 어서 내 손을 잡아 우연히 고개를 돌릴 때   다 눈이 마주치는 건 며칠밤 내내 꿈속에 나타나 밤새 나를 괴롭히는 건 그 많은 빈자리  에서 하필  내 옆자릴 고르는 건 나도 모르게 어느새 실없는 웃음 흘리고 있다는 건 그럼     했지 뭐 우리 얘기 좀 할까 느낌이 오잖아 떨리고 있잖아 언제까지 눈치만 볼 거니 네 맘    해봐 딴청 피우지 말란 말이야 네 맘 가는 그대로 지금 내 손을 잡아 핸드폰 진동에 심장    컥 내려 앉는다는 건 오 나도 모르게 어느새 짓궂은 네 말투  자꾸 듣고 싶은걸 어떡해 (저기 멀리 걸어온다) (눈이 마주친다)  언제까지 넌 모른척 할거니 사랑이 온거야 너와     이야 네가 좋아 정말 못 견딜 만큼 그거면 된거야 더는 생각하지 말란 말이야  네 맘 가는  대로 느낌이 오잖아 떨리고 있잖아 언제까지 눈치만 볼 거니  네 맘을 말해봐 딴청 피우   란 말이야 네 맘 가는 그대로 지금 내 손을 잡아  그냥 내 손을 잡아 지금 내 손을 잡아 ,k-pop
장범준,흔들리는 꽃들 속에서 네 샴푸향이 느껴진거야 ,흔들리는 꽃들 속에서네 샴푸향이 느껴진거야스쳐지나간건가 뒤돌아보지만그냥 사람들만 보이는거야다와가는 집근처에서괜히 핸드폰만 만지는거야한번 연락해 볼까 용기내 보지만그냥 내 마음만 아쉬운 거야걷다가 보면 항상 이렇게 너를바라만 보던 너를 기다린다고 말할까지금 집앞에 계속 이렇게 너를아쉬워 하다 너를 연락했다 할까지나치는 꽃들 속에서네 샴푸향만 보이는거야스쳐지나간건가 뒤 돌아보지만그냥 내 마음만 바빠진거야걷다가 보면 항상 이렇게 너를바라만 보던 너를 기다린다고 말할까지금 집앞에 계속 이렇게 너를아쉬워 하다 너를 연락했다 할까어떤 계절이 너를우연히라도 너를 마주치게 할까난 이대로 아쉬워하다 너를바라만 보던 너를기다리면서 아무말 못하고그리워만 할까걷다가 보면 항상 이렇게 너를바라만 보던 너를 생각한다고 말할까지금 집앞에 기다리고 때론지나치고 다시 기다리는꽃이 피는 거리에 보고파라 이밤에걷다가 보면 항상 이렇게 너를아쉬워 하다 너를 기다린다고 말할까지금 집앞에 계속 이렇게 너를아쉬워 하다 너를 연락했다 할까 ,인디
이무진,신호등,이제야 목적지를 정했지만가려한 날 막아서네 난 갈 길이 먼데새빨간 얼굴로 화를 냈던친구가 생각나네이미 난 발걸음을 떼었지만가려한 날 재촉하네 걷기도 힘든데새파랗게 겁에 질려 도망간친구가 뇌에 맴도네건반처럼 생긴 도로 위 수많은 동그라미들 모두가멈췄다 굴렀다 말은 잘 들어그건 나도 문제가 아냐붉은색 푸른색 그 사이 3초 그 짧은 시간노란색 빛을 내는 저기 저 신호등이내 머릿속을 텅 비워버려 내가 빠른지도느린지도 모르겠어 그저 눈앞이 샛노랄 뿐이야솔직히 말하자면 차라리운전대를 못 잡던 어릴 때가 더 좋았었던 것 같아그땐 함께 온 세상을 거닐 친구가 있었으니건반처럼 생긴 도로 위 수많은 조명들이 날 빠르게번갈아 가며 비추고 있지만난 아직 초짜란 말이야붉은색 푸른색 그 사이 3초 그 짧은 시간노란색 빛을 내는 저기 저 신호등이내 머릿속을 텅 비워버려 내가 빠른지도느린지도 모르겠어 그저 눈앞이 샛노랄 뿐이야꼬질꼬질한 사람이나 부자 곁엔 아무도 없는삼색 조명과 이색 칠 위에 서 있어 괴롭히지 마붉은색 푸른색 그 사이 3초 그 짧은 시간노란색 빛을 내는 저기 저 신호등이내 머릿속을 텅 비워버려 내가 빠른지도느린지도 모르겠어 그저 눈앞이 샛노랄 뿐이야 ,인디
잔나비,주저하는 연인들을 위해,나는 읽기 쉬운 마음이야 당신도 스윽 훑고 가셔요 달랠 길 없는 외로운 마음 있지 머물다 가셔요 음 내게 긴 여운을 남겨줘요 사랑을 사랑을 해줘요 할 수 있다면 그럴 수만 있다면 새하얀 빛으로 그댈 비춰 줄게요 그러다 밤이 찾아오면 우리 둘만의 비밀을 새겨요 추억할 그 밤 위에 갈피를 꽂고 선 남몰래 펼쳐보아요 나의 자라나는 마음을 못 본채 꺾어 버릴 수는 없네 미련 남길바엔 그리워 아픈 게 나아 서둘러 안겨본 그 품은 따스할 테니 그러다 밤이 찾아오면 우리 둘만의 비밀을 새겨요 추억할 그 밤 위에 갈피를 꽂고 선 남몰래 펼쳐보아요 언젠가 또 그날이 온대도 우린 서둘러 뒤돌지 말아요 마주보던 그대로 뒷걸음치면서 서로의 안녕을 보아요 피고 지는 마음을 알아요 다시 돌아온 계절도 난 한 동안 새 활짝 피었다 질래 또 한번 영원히 그럼에도 내 사랑은 또 같은 꿈을 꾸고 그럼에도 꾸던 꿈을 미루진 않을래 ,인디
10센치,폰서트,이건 세상에서제일 비싼 단독 공연가수는 나고 관객은 너 하나화려한 막이이제 곧 올라가기 전에그저 몇 가지만 주의해줘요세상에서 제일 편한옷을 갈아 입고제일 좋아하는 자리에 누워배터리가 바닥나지 않게조심하고통화상태를 항상 유지해줘요듣고 싶은 노래를말 만해 everything입이 심심할 때는coffee popcorn anything너무 부담주진 말고편하게 들어줘아님 내가 너무 떨리니까오직 너에게만 감동적인 노래오직 너를 웃게 하기 위한 코너네가 너무 설레잠 못 들게 만들 거야지금이야 크게 소리 질러줘누구보다 특별한너의 취향을 알아달콤한데 슬픈 듯 아찔하게맞지근데 다음 곡이 중요해볼륨 높여봐기억 나니 우리 그 날 그 노래내가 너무 진지해 보여도 웃지마누가 봐도 완벽한노래는 아니지만많이 연습한 부분을너 때문에 틀리잖아아직 나는 너무 떨리니까오직 너에게만 감동적인 노래오직 너를 웃게 하기 위한 코너네가 너무 설레잠 못 들게 만들 거야지금이야 크게 소리 질러이 공연은 거의 다 끝나 가고 있어어땠는지 말해줘 문자로너무나 아쉽지만 졸린 거이미 알고 있어기대해줘 마지막 곡이 중에서도 제일감동적인 노래오직 너를 웃게 하기 위한 코너네가 너무 설레잠 못 들게 만들 거야지금이야 제일 원하는 걸 말해어떤 노래를다시 듣고 싶어 사실 내가 원해네가 너무 설레잠 못 들지 모르지만앵콜이야 크게 소리 질러줘이건 세상에서제일 비싼 단독공연가수는 나고 관객은 너 하나,인디
볼빨간사춘기,"나만,봄",안돼 그만둬 거기까지 해 더 다가가면 너 정신 못 차려안돼 그만해 꽃은 넣어둬 그냥 좀 바람이 불게 놔줘왜 그럴까 사람들은 그냥 봄기운이 좋아 눈치 없이 밖을 나가는 걸까왜 이럴까 뭐가 설렌다고 봄바람이 좋아 내 맘도 모르고 더 불어와flower sunshine 완벽한 하루를 사실 너와 걸을 수 있다면 얼마나 좋을까좋아한다고 말하기가 무서워서 네 곁을 맴돌고 있는 난벚꽃도 뭐고 다 필요 없어 나는 네 곁에 있고 싶어 딱 붙어서봄이 지나갈 때까지 다른 사람 다 사라져라 나만봄왜 그럴까 사람들은 그냥 봄기운이 좋아 눈치 없이 밖을 나가는 걸까왜 이럴까 뭐가 설렌다고 봄바람이 좋아 내 맘도 모르고 더 불어와flower sunshine 완벽한 하루를 사실 너와 걸을 수 있다면 얼마나 좋을까좋아한다고 말하기가 무서워서 네 곁을 맴돌고 있는 난벚꽃도 뭐고 다 필요 없어 나는 네 곁에 있고 싶어 딱 붙어서봄이 지나갈 때까지 다른 사람 다 사라져라언제 봄이 왔는지 내 맘도 모르고 봄바람이 자꾸만 불어와네 곁에 딱 붙어서 떨어지지 않고 싶어 내 맘을 이제 말하고 싶어벚꽃도 뭐고 다 필요 없어 나는 네 곁에 있고 싶어 딱 붙어서봄이 지나갈 때까지 다른 사람 다 사라져라 나만봄,인디
최유리,숲,난 저기 숲이 돼볼게너는 자그맣기만 한 언덕 위를오르며 날 바라볼래나의 작은 마음 한구석이어도 돼길을 터 보일게 나를 베어도 돼날 지나치지 마 날 보아줘나는 널 들을게 이젠 말해도 돼날 보며아 숲이 아닌 바다이던가옆엔 높은 나무가 있길래하나라도 분명히 하고파 난 이제물에 가라앉으려나난 저기 숲이 돼볼래나의 옷이 다 눈물에 젖는대도아 바다라고 했던가그럼 내 눈물 모두 버릴 수 있나길을 터 보일게 나를 베어도 돼날 밀어내지 마 날 네게 둬나는 내가 보여 난 항상 나를 봐내가 늘 이래아 숲이 아닌 바다이던가옆엔 높은 나무가 있길래하나라도 분명히 하고파 난 이제물에 가라앉으려나나의 눈물 모아 바다로만흘려보내 나를 다 감추면기억할게 내가 뭍에 나와있어그때 난 숲이려나,인디
볼빨간사춘기,여행,저 오늘 떠나요 공항으로핸드폰 꺼 놔요 제발 날 찾진 말아줘시끄럽게 소리를 질러도 어쩔 수 없어 나가볍게 손을 흔들며 bye bye-쉬지 않고 빛났던 꿈같은 my youth이리저리 치이고 또 망가질 때쯤지쳤어 나 미쳤어 나 떠날 거야 다 비켜I fly away-Take me to London Paris New York city들아름다운 이 도시에 빠져서 나Like I'm a bird bird 날아다니는 새처럼난 자유롭게 fly fly 나 숨을 셔Take me to new world anywhere 어디든답답한 이 곳을 벗어 나기만 하면Shining light light 빛나는 my youth자유롭게 fly fly 나 숨을 셔저 이제 쉬어요 떠날 거에요노트북 꺼 놔요 제발 날 잡진 말아줘시끄럽게 소리를 질러도 어쩔 수 없어 나가볍게 손을 흔들며 see ya-쉬지 않고 빛났던 꿈같은 my youth이리 저리 치이고 또 망가질 때쯤지쳤어 나 미쳤어 나 떠날 거야 다 비켜I fly away-Take me to London Paris New York city들아름다운 이 도시에 빠져서 나Like I'm a bird bird 날아 다니는 새처럼난 자유롭게 fly fly 나 숨을 셔Take me to new world anywhere 어디든답답한 이 곳을 벗어 나기만 하면Shining light light 빛나는 my youth자유롭게 fly fly 나 숨을 셔I can fly away Fly always always alwaysTake me to new world anywhere 어디든답답한 이 곳을 벗어 나기만 하면Shining light light 빛나는 my youth자유롭게 fly fly 나 숨을 셔,인디
버스커버스커,여수밤바다,여수 밤바다 이 조명에 담긴 아름다운 얘기가 있어네게 들려주고파 전활 걸어 뭐하고 있냐고나는 지금 여수 밤바다 여수 밤바다아 아 아 아 아 아 아너와 함께 걷고 싶다이 바다를 너와 함께 걷고 싶어이 거리를 너와 함께 걷고 싶다이 바다를 너와 함께 걷고 싶어여수 밤바다여수 밤바다 이 바람에 걸린 알 수 없는 향기가 있어네게 전해주고파 전활 걸어 뭐하고 있냐고나는 지금 여수 밤바다 여수 밤바다아 아 아 아 아 아 아 아너와 함께 걷고 싶다이 바다를 너와 함께 걷고 싶어이 거리를 너와 함께 걷고 싶다이 바다를 너와 함께 너와 함께 오바다 이 바다 담긴 아름다운 얘기가 있어네게 들려주고파 전활 걸어 뭐하고 있냐고나는 지금 여수 밤바다 여수 밤바다아 바다 아아아 하아아아 하아오오 하 아아아 허오 아아아아뭐하고 있냐고 나는 지금 여수 밤바다,인디
경서,밤하늘의 별을,밤하늘의 별을 따서 너에게 줄래 너는 내가 사랑하니까 더 소중하니까오직 너 아니면 안 된다고 외치고 싶어 그저 내 곁에만 있어줘 떠나지 말아줘참 많이 어색했었죠 널 처음 만난 날멀리서 좋아하다가 들킨 사람처럼숨이 가득 차올라서 아무 말 하지 못했는데너는 말 없이 웃으며 내 손 잡아줬죠밤하늘의 별을 따서 너에게 줄래 너는 내가 사랑하니까 더 소중하니까오직 너 아니면 안 된다고 외치고 싶어 그저 내 곁에만 있어줘 떠나지 말아줘널 좋아하는 내 마음이 표현이 안 돼꿈이 아니면 좋겠어 자꾸 웃음 나와내 모든 걸 다 준대도 너에겐 아깝질 않아이 순간이 영원하길 난 정말 행복해밤하늘의 별을 따서 너에게 줄래 너는 내가 사랑하니까 더 소중하니까오직 너 아니면 안 된다고 외치고 싶어 그저 내 곁에만 있어줘 떠나지 말아줘그저 내 곁에만 있어줘 떠나지 말아줘많고 많은 사람 중에 너를 만나서 행복하고 싶어 두 번 다시 울지 않을래오직 내 눈에는 너만 보여 나를 아껴줘 이제부터 혼자가 아니야 우린 함께니까나나나 난난 난난나나나나 난난 난난나나 나나나 난난 난난나 나나난나나나나 난난 난난나나나나 난난 난난나나 나나나 난난 난난나 나나난나 접기,인디
비비,비누,사람들이 말하더라새것마냥 kireiidatteinnocent as newborn infantbibi naked 착하더라사람들이 말하더라저년 저거 이상했다머릿속에 어떤 것이들어있는지 모르겠다do you know how to keep myself clear어떻게 씻어 내는 건지술냄새와 담배연기kissy hickey and shit오늘했던 거짓말과어제했던 bad decisiondo you know how to keep myself clear다 비누로 씻어내는거지비누 비누 let's be new비누 비누 let's be new비누 비누 let's be new비누 비누 let's be new사람들이 말하더라저년 저거 이상하다어젯밤에 어떤일이일어났는지 모르겠다in the shower in the tubpool party that i threwjust give me bar of soapso naked bib do naked thang씻고나면 또 못알아보고서bibi naked 착하더라do you know how to keep myself clear어떻게 씻어 내는 건지술냄새와 담배연기kissy hickey and shit오늘했던 거짓말과어제했던 bad decisiondo you know how to keep myself clear다 비누로 씻어내는거지비누 비누 let's be new비누 비누 let's be new비누 비누 let's be new비누 비누 let's be new비누로 깨끗이 씻어내자brandnew brandnew 마음되자매일아침 다시 태어나자나쁜마음 모두 벗겨내자비누 비누 let's be new비누 비누 let's be new... ,인디
21학번,스티커사진,눈 감고 찍은 사진장난스런 표정하나둘 셋 하고서손가락 하트둘이서 연습했던시그니처 포즈꽃받침 속 너와 나빛나고 있어오늘 뭐해 날씨도 좋은데홍대 가서 커피나 마실래연인들 많은 거리에도란도란 너랑 걷고 싶은데우리도 예쁜 커플옷 입고같이 데이트할래눈 감고 찍은 사진장난스런 표정하나둘 셋 하고서손가락 하트둘이서 연습했던시그니처 포즈꽃받침 속 너와 나빛나고 있어수줍었던 그대를 만난 지이번 주말 벌써 1년이야기념일마다 약속한사진 들을 많이 갖고 싶어져아직도 너랑 설레고 싶어우리 데이트할래눈 감고 찍은 사진장난스런 표정하나둘 셋 하고서손가락 하트둘이서 연습했던시그니처 포즈꽃받침 속 너와 나빛나고 있어그대를 사랑했던모든 시간들이하나부터 열까지너무 소중해우리가 약속했던많은 나날들이사진 속 우리처럼빛나고 있어,인디
그리즐리,MERRY GO ROUND,비가 와서나도 모르게전화했어나도 모르게새벽 두시 지나면 안 돼I'm awake난 잠이 오질 않아24hours뻔한 잔소리 그만나 답은 알아Tell me to do나 좀 내버려 둬Cause i'm awakeSix five forty five의미 없는 숫자를 세Merry go round또 술에 집착해I'm runnin runnin runnin out for you비가 오면 말야너밖에 떠오르지가 않아어딜 가던 비가 왔었잖아나 여름나라로 이사 갈까 봐걱정 말어 오늘은비가 와서나도 모르게전화했어나도 모르게새벽 두시지나면 안 돼I'm awake잠이 오지 않아24hours뻔한 잔소리 그만나 답은 알아Tell me to do나 좀 내버려 둬Cause i'm awakeYou turn me like a merry go round우린 항상 돌고 돌아It sounds me like a merry go roundIt's time we can go away,인디
비비,PADO ,너는 두 눈을 감은 채내게 기대어오며머리칼로 날 간질 때마다가벼운 입맞춤으로무거운 맘을 지우며정신 못 차리게 만들어날 흔들어 놔온통날 들었다 놔 그저 발만동동난 알 수 없네도통If someone hear me call me 911You are my WAVE살려줘 MAYDAY니 생각만 하게 돼I'm a castaway나를 네 품에 가두어나의 숨을 끊을 듯놓아줄 생각이 없어 보여너를 밀어내 봐도다시 밀리어 오며생각할 틈을 주지 않네Soaking me slowlyDrowning me cruelyKilling me gentlyCall him if u see my S.O.SYou are my WAVE살려줘 MAYDAY니 생각만 하게 돼I'm a castaway잠겨 죽어도 좋으니 내게 밀려오라깊어져도 좋으니 날 담구어 주라Wanted to surfDon't wanna diveDon't wanna swirlI'm gonna dieImma go with the flowI'm gonna rideBut you're too bigYou make me salty babeDon't wanna trip too hard날 풀어주던가완전히 잡아줘You are my WAVE살려줘 MAYDAY니 생각만 하게 돼I'm a castaway잠겨 죽어도 좋으니 내게 밀려오라깊어져도 좋으니 날 담구어 주라,인디
박재범,GANDARA,길거리를 걷다 보면사랑 노래만 흘러나와나는 왜 저런 게 낯설까난 한국말까지 서툴러번역기도 전혀 도움 안 돼네 맘엔 어떨까 걱정만어떤 단어를 쓸지 I don't know어떤 말을 할지 I don't know나는 왜 이런지 I don't knowYou're on my mind어떤 단어를 쓸지 I don't know어떤 말을 할지 I don't know나는 왜 이런지 I don't knowYou're on my mindBaby 정말 생각 안 나Body language로 자신 있어보여줄게 girl just give me some your time너를 보면 손에 땀 나긴장 풀게 한 번 웃어줘Let me take u on a magic carpet ride손을 잡아 따라와맑은 날씨 보름달가르쳐줘 오늘 밤가나다라마바사손을 잡아 따라와맑은 날씨 보름달가르쳐줘 오늘 밤가나다라마바사너무 완벽하지 않아도걱정 마 네 맘을 조금 알 것 같아네게 좀 더 다가서 볼까고민해 매일 밤길거리를 걷다 보면계속 계속 네 생각이 나이런 내 모습이 왜 낯설까번역기 위에서헤매는 네 손가락까지자꾸만 생각이 나는 걸Body language도 나는 괜찮아But 생각 안 나면 그냥 웃어줘모든 것을 알려줄게 오늘 밤내가 나쁜 남자처럼 보여도너를 볼 때면 맘이 여려져I wouldn't mind if I died in your arms손을 잡아 따라와맑은 날씨 보름달가르쳐줘 오늘 밤가나다라마바사손을 잡아 따라와맑은 날씨 보름달가르쳐줘 오늘 밤가나다라마바사손을 잡아 따라와맑은 날씨 보름달가르쳐줘 오늘 밤가나다라마바사손을 잡아 따라와맑은 날씨 보름달가르쳐줘 오늘 밤가나다라마바사,인디
멜로망스,선물,빛이 들어오면 자연스레 뜨던 눈그렇게 너의 눈빛을 보곤사랑에 눈을 떴어항상 알고 있던 것들도 어딘가새롭게 바뀐 것 같아남의 얘기 같던 설레는 일들이내게 일어나고 있어나에게만 준비된 선물 같아자그마한 모든 게 커져만 가항상 평범했던 일상도특별해지는 이 순간별생각 없이 지나치던 것들이이제는 마냥 내겐 예뻐 보이고내 맘을 설레게 해항상 어두웠던 것들도 어딘가빛나고 있는 것 같아남의 얘기 같던 설레는 일들이내게 일어나고 있어나에게만 준비된 선물 같아자그마한 모든 게 커져만 가항상 평범했던 일상도특별해지는 이 순간너를 알게 된 뒤 보이는모든 것들이 너무 예뻐 보여그렇게 신난 아이처럼순수한 사람이 된 것 같아나에게만 준비된 선물 같아자그마한 모든 게 커져만 가항상 평범했던 일상도특별해지는 이 순간깊은 사랑에 빠진 순간 접기,인디
케이시,늦은 밤 헤어지긴 너무 아쉬워,어쩌면 너도 나와 같은 꿈 꿀까매일 마주 보며 눈뜨는 하루늦은 밤 헤어지긴 너무 아쉬워널 많이 사랑하나 봐유난히 날씨가 좋은 날넌 나를 설레이게 해영화 속에서만 보던 일들이요즘 내 일상인 듯해어쩌면 너도 나와 같은 꿈 꿀까매일 마주 보며 눈뜨는 하루늦은 밤 헤어지긴 너무 아쉬워널 많이 사랑하나 봐오늘 너에게 고백하겠어취해서 하는 말이 아냐참아온 진심인 거야하루 종일 아무것도 안 해도너랑 있는 게 젤 좋아달빛도 하늘 아래 우리를 비추고온 세상이 모두 잠든 것 같아늦은 밤 헤어지긴 너무 아쉬워널 많이 사랑하나 봐네가 살아가는 순간에그 모든 순간에 내가 있음 해고마워 내 인생에 나타나줘서이렇게 날 안아줘서오늘 너에게 고백하겠어,인디
헤이즈,헤픈우연,처음이라기엔 너무길을 이미 다 아는 듯이우연히라기엔 모두다 정해진 듯이우연히 눈을 떠 보니이 세상에 태어나 있었고하필 네가 있는 곳이었다서서히 몸에 배어버린사소한 습관들이네게로 가는 길을내게 알려줘처음이라기엔 너무길을 이미 다 아는 듯이우연히라기엔 모두다 정해진 듯이고통의 사랑도보통의 이별도You can make it happenYou can make it heaven우연히라기엔 모두다 정해진 듯이만약 내가 그때 그곳을헤매지 않았더라면그날 네가 마음 아픈이별을 안 했었더라면네 뒤를 따라 걷던 곳네가 떨어트렸던 꽃위태롭던 시간 속서로를 기다려왔어운명이라고 하기엔이를 수 있다 생각해우연히라고 하기엔설명이 필요한 것 같아어쩌면 또 스칠 수 있을지 몰라도지금이 아니면 안 될 것 같던 그 때로처음이라기엔 너무길을 이미 다 아는 듯이우연히라기엔 모두다 정해진 듯이고통의 사랑도보통의 이별도You can make it happenYou can make it heaven우연히라기엔 모두다 정해진 듯이어쩌면 기억을 지운 채로하나였던 우린 둘이 되고운명이란 작은 점 안에서서로를 찾으며 살았는지도고통의 사랑도보통의 이별도You can make it happenYou can make it heaven우연히라기엔 모두다 정해진 듯이우연히서서히점점더 멀어져가우연히천천히처음그곳으로 가,인디
치즈,이렇게 좋아해본적이 없어요,따스한 바람이 불어오는 날엔포근한 미소로 나를 또 반겨주던그대란 사람 설레는 이 맘이렇게 난 너에게 빠졌나 봐무심한 듯 곁을 지켜주던 그대느껴본 적 없는 이런 설렘이누군가를 짝사랑하는 마음인가 봐그냥 아쉬움만 남는걸이렇게 좋아해 본 적이 없어요눈만 뜨면 그대가 참 보고 싶어요오늘은 그대 내 곁에서 그저 머물러줘요그리고 내 손잡아 주세요꼭 안아 주세요나를 데려다주던 그날 밤문득 내게 건넨 그 한마디에괜스레 얼굴이 붉어지고조심스럽게 oh oh oh그대에게 oh oh oh사랑스러운 그대 귓가에 속삭여줄게요사실 그대와 있던 모든 순간은내게는 소중하고 너무나 고마워서정말 아름다워요조심스럽게 oh oh oh그대에게 oh oh oh사랑스러운 그대 귓가에 고백해볼게요이렇게 좋아해 본 적이 없어요눈만 뜨면 그대가 참 보고 싶어요오늘은 그대 내 곁에서 그저 머물러줘요그리고 내 손잡아 주세요꼭 안아 주세요부담스럽지 않게 다가가 볼게요부디 날 미워하지 말아요그저 매일 이렇게 날 보며 웃어줘요더는 바랄 게 하나 없죠이렇게 좋아해 본 적이 없어요눈만 뜨면 그대가 참 보고 싶어요오늘은 그대 내 곁에서 그저 머물러줘요그리고 내 손잡아 주세요꼭 안아 주세요 접기,인디
헤이즈,저 별 ,혹시 저 별도 나를 보고 있을까 아니 날 보고 있지 않을까 저 별도 나를 보고 있을까 아니 날 Yeah지금 날 찾고 있진 않을까 아니 날 피해 가고 있을까 아니 날 Yeah오늘따라 넌 더 희미해 그래서 이 밤은 내겐 무의미해 어두운 밤이 지나 아침이 온대도 구름에 가려 보이지 않을 때도 너 그 자리에 있단 걸 난 알아도넌 내가 보이지 않을 때마다 항상 불안해했으니까 저 구름이 이제 비가 되어서내리기만을 나는 기도해 혹시 저 별도 나를 보고 있을까 아니 날 보고 있지 않을까 저 별도 나를 보고 있을까 아니 날 Yeah지금 날 찾고 있진 않을까 아니 날 피해 가고 있을까 아니 날 Yeah너만큼 반짝이는 게 또 있을까 너무 멀어서 내 노래가 들리지 않을까내가 보고 있는 게 지금의 너가 맞을까 매일 밤 너를 보며두 손 모은 나를 봤을까 너도 나를 봤을까 아님 피해 갔을까내 품에 떨어지길 기도해 my shooting star 다시는 놓치지 않을 텐데 my shining star이 시간들은 그저 과정일 뿐이야 혹시 저 별도 나를 보고 있을까 아니 날 보고 있지 않을까 저 별도 나를 보고 있을까 아니 날 Yeah지금 날 찾고 있진 않을까 아니 날 피해 가고 있을까 아니 날 Yeah내가 할 수 있는 건 그대 이 순간에도날 보고 있다고 믿는 것 그래서 난 네가 떠난 이후로 스쳐간 흔적도 없지 그 누구도 그런데 왜 넌 항상 보여도손 닿을 수도 안을 수도 없는 걸 혹시 저 별도 나를 보고 있을까 아니 날 보고 있지 않을까 저 별도 나를 보고 있을까 아니 날지금 날 찾고 있진 않을까 아니 날 피해 가고 있을까 아니 날,인디
적재,별 보러 가자 ,찬 바람이 조금씩 불어오면은밤 하늘이 반짝이더라긴 하루를 보내고 집에 들어가는 길에네 생각이 문득 나더라어디야 지금 뭐 해나랑 별 보러 가지 않을래너희 집 앞으로 잠깐 나올래가볍게 겉옷 하나 걸치고서 나오면 돼너무 멀리 가지 않을게그렇지만 네 손을 꼭 잡을래멋진 별자리 이름은 모르지만나와 같이 가줄래찬 바람이 조금씩 불어 오면은네 생각이 난 그렇게 나더라긴 하루 끝 고요해진 밤거리를 걷다밤 하늘이 너무 좋더라어디야 지금 뭐해나랑 별 보러 가지 않을래어디든 좋으니 나와 가줄래네게 하고 싶었던 말이 너무도 많지만너무 서두르지 않을게그치만 네 손을 꼭 잡을래멋진 별자리 이름은 모르지만나와 같이 가줄래너와 나의 걸음이향해 가는 그곳이어디 일진 모르겠지만혼자였던 밤 하늘너와 함께 걸으면그거면 돼,인디
탑현,사랑한다고 말해줘,사실 난 너를 사랑한다고 말할 땐너에게 그 말이 듣고 싶어서라고오늘이 가기 전에 들을 수 있을까애타는 내 마음을 알기나 하는지어떤 하루에 미소를 짓는너의 얼굴을 바라보다가나도 모르게 사랑한다고너에게 버릇처럼 하는 말항상 무뚝뚝하기만 하던 내가너를 만나고 변해가혹시 너도 나와 같을까나를 사랑한다면사실 난 너를 사랑한다고 말할 땐너에게 그 말이 듣고 싶어서라고오늘이 가기 전에 들을 수 있을까애타는 내 마음을 알기나 하는지서툰 말 한마디도 못하고내 손만 잡고 있는 너에게어설픈 말장난을 섞으며나름 네 눈치도 보고 있어사랑한단 말이 듣고 싶은데그게 어려운 너에게조금 용기 낼 순 없을까나를 사랑한다고사실 난 너를 사랑한다고 말할 땐너에게 그 말이 듣고 싶어서라고오늘이 가기 전에 들을 수 있을까애타는 내 마음을 알기나 하는지날 좋아한다날 사랑한다어서 내게 말해줘 (Love You)사실 난 너를 사랑한다고 말할 땐너에게 그 말이 듣고 싶어서라고오늘이 가기 전에 들을 수 있을까애타는 내 마음을 알기나 하는지 접기,인디
Seori,긴밤,긴 밤이 오니까널 데려가니까난 또 잠이 오질 않아긴 밤이 오니까널 데려가잖아애써 돌아서기에도 아쉬워텅 빈 이 방안 속텅 빈 이 공기를견디지 못 하고혼자 서 있어즐거이 웃다가도밤이 되고 또 혼자가 돼Maybe I'm so lonelyEveryday 공허한 이 밤이 내게서 널 가져가긴 밤이 오니까널 데려가니까난 또 잠이 오질 않아긴 밤이 오니까널 데려가잖아애써 돌아서기에도 아쉬워긴 밤아 오지 마날 데려가지 마Love meI don't want to go home긴 밤이 싫어이 밤이 미워널 닳고 닳게 보는 저 달이 부러워나를 애태우는 머릿속에 사진들너는 긴 밤에 생각났던 야식 같아아침이 오니까 너는 자러가니까내게 밤은 시간이 아닌 그냥 장식 같아좋은 아침우리는 밤을 피해 왔어 good night우리의 맘이 마주쳤던 순간들을 기억 해 양을 세이 긴 밤을 이겨내지긴 밤이 오니까널 데려가니까난 또 잠이 오질 않아긴 밤이 오니까널 데려가잖아애써 돌아서기에도 아쉬워긴 밤아 오지 마날 데려가지 마Love meI don't want to go home긴 밤이 싫어이 밤이 미워널 닳고 닳게 보는 저 달이 부러워긴 밤을 세워 달을 재 워 버리자고천장을 도화지 삼아 널 그린다해가 지듯이너도 저 멀리점이 되어 사라지듯이해가 뜨면 너를 보러 달려갈게어두운 날을 밝혀줘 굿모닝Please don't make me alone허공에 흩날려 보내긴 밤이 오니까널 데려가니까난 또 잠이 오질 않아긴 밤이 오니까널 데려가잖아... 펼쳐보기,인디
폴킴,비,비가 내리다 말다우산을 챙길까 말까tv엔 맑음이라던데네 마음도 헷갈리나봐비가 또 내리다 말다하늘도 우울한가봐비가 그치고나면이번엔 내가 울것만같아Strumming down to my memories지직거리는 라디오에선또 뻔한 love song잊고있던 아픈 설레임널 생각나게해우리 걷던 이길위에흘러나오던 멜로디흥얼거렸었지 넌 어디있니하늘은 이렇게 맑은데비에 젖은 내 마음을따뜻하게도 비춰주던 너는나에게 햇살같아그런널 왜 난 보냈을까Good byeSo hard to lose but easy to repeat푹 숙인 얼굴 날 알아봤을까I'm losing my breathe잊고싶은 아픈 기억들날 더 힘들게해시간가는 줄도 모르고나눴던 수많은 밤과 사랑노래꿈보다 달콤했지쉽게 포기한건아닌지우연히널 마주친 순간내 마음 들킬까봐 뒤돌아섰어널 잡았다면그런 널 왜 난 보냈을까우리 걷던 이길위에흘러나오던 멜로디흥얼거렸었지 넌 어디있니하늘은 이렇게 맑은데비에 젖은 내 마음을따뜻하게도 비춰주던 너는나에게 햇살같아그런널 왜 난 보냈을까Good bye ,인디
경서,나의 X에게,우리 다시 만날래예쁘게 빛나던모든 추억들이너무 그리워너의 품에 안길래이 밤이 새도록네게 말할 거야너를 좋아한다고안녕 그대야요즘 어떻게 지내가로수길 걷다가생각이 나서행복해 보이는 사람들 속에우리 둘만 없어서어색했었어늘 집에 갈 땐항상 뒤돌아보면날 보며 웃어주던네가 생각났어우리 다시 만날래예쁘게 빛나던모든 추억들이너무 그리워너의 품에 안길래이 밤이 새도록네게 말할 거야너를 좋아한다고토요일마다 가던한강공원에이어폰 하나씩나눠끼고서벚꽃엔딩같이 듣고 있으면부러울 게 없었어너만 있으면널 사랑할 때내가 너무 그리워날 보며 웃어주던네가 보고 싶어우리 다시 만날래예쁘게 빛나던모든 추억들이너무 그리워너의 품에 안길래이 밤이 새도록네게 말할 거야너를 좋아한다고같이 별 보러 갈래널 다시 만나면네 옆에 기대서잠들고 싶어너의 품에 안길래이 밤이 새도록내 곁에 있어줘내겐 너뿐이라고,인디
주시크,너를 생각해 ,너를 들려주고 싶었어이 노랠 만들 때아마 니가 정말 많이 좋아할꺼야이젠 내겐 니가 없어서 나 혼자 불러도혹시 듣게 되면 그게 니 얘기라고난 노랠 만들 땐늘 너를 생각해어딘가 혼자 진지한 표정고개를 끄덕거리고 나선항상 흥얼거리며 따라 불렀어나를 보며 신나있던 너에게불러주고 싶던 노래를왜 이제야 겨우 완성했을까이 노랜 널 사랑한다는 내 얘기가잔뜩 들어갔어야 하는 노랜데너를 들려주고 싶었어이 노랠 만들 때아마 니가 정말 많이 좋아할꺼야이젠 내겐 니가 없어서 나 혼자 불러도혹시 듣게 되면 그게 니 얘기라고니가 자주 가곤했던 카페에이 노래가 나올 때까지니 친구가 따라 부를 때까지이 노랠 유명해지게 계속 불러서나는 너에게로 꼭 닿고 말거야너를 들려주고 싶었어이 노랠 만들때아마 니가 정말 많이 좋아할꺼야이젠 내겐 니가 없어서 나 혼자 불러도혹시 듣게 되면 그게 니 얘기라고너를 사랑할땐 몰랐던바보라 미안해아마 이걸 듣고 너는 원망하겠지이젠 내가 많이 잘할게너 혼자 울지마혹시 듣게 되면 아직 너뿐이라고,인디